t_s,distance_m,pace_s,spm,hr,segment
2.7,6.0,0.0,39,,1
3.5,12.0,231.8,48,,1
4.6,18.1,231.8,48,,1
5.8,24.1,231.8,48,,1
6.8,30.2,190.8,55,,1
7.9,36.2,190.8,55,,1
8.9,42.2,177.2,57,,1
10.0,48.3,171.6,59,,1
11.0,54.5,171.6,59,,1
12.0,60.4,165.9,62,,1
12.9,66.4,165.9,62,,1
13.8,72.5,165.9,62,,1
14.7,78.6,154.5,67,,1
15.6,84.7,154.5,67,,1
16.5,90.8,145.7,70,,1
17.3,96.6,145.7,70,,1
18.2,102.7,143.1,70,,1
19.0,108.7,143.1,70,,1
19.9,114.9,142.0,70,,1
20.7,120.8,142.1,69,,1
21.6,127.0,142.1,69,,1
22.5,133.1,142.3,70,,1
23.3,139.0,142.3,70,,1
24.2,145.0,142.3,70,,1
25.1,151.1,143.6,68,,1
26.0,157.3,147.0,67,,1
26.8,163.1,147.0,67,,1
27.7,169.1,147.0,67,,1
28.6,175.3,145.0,69,,1
29.4,181.2,145.0,69,,1
30.3,187.3,144.3,69,,1
31.2,193.3,144.3,69,,1
32.1,199.3,145.7,68,,1
33.0,205.5,147.0,68,,1
33.9,211.6,147.0,68,,1
34.7,217.5,147.0,68,,1
35.6,223.5,144.9,69,,1
36.4,229.6,144.9,69,,1
37.3,235.6,144.0,69,,1
38.2,241.6,144.0,69,,1
39.1,247.8,146.1,68,,1
40.0,253.9,146.7,68,,1
40.9,259.9,146.7,68,,1
41.7,265.9,144.9,68,,1
42.6,271.9,144.9,68,,1
43.5,277.9,144.9,68,,1
44.4,283.9,149.1,66,,1
45.3,290.1,149.1,66,,1
46.2,296.2,150.8,66,,1
47.1,302.1,150.8,66,,1
47.9,308.1,145.3,70,,1
48.8,314.2,145.3,70,,1
49.6,320.2,140.0,72,,1
50.4,326.2,140.0,72,,1
51.3,332.4,138.9,72,,1
52.1,338.5,138.9,72,,1
53.0,344.5,139.7,71,,1
53.8,350.4,139.7,71,,1
54.7,356.5,140.7,71,,1
55.5,362.5,140.7,71,,1
56.4,368.7,142.4,70,,1
57.3,374.6,142.4,70,,1
58.1,380.6,143.5,69,,1
59.0,386.8,143.5,69,,1
59.9,392.7,143.8,69,,1
60.7,398.9,143.0,71,,1
61.6,404.9,143.0,71,,1
62.4,411.0,143.0,71,,1
63.3,417.0,140.0,71,,1
64.1,422.9,140.0,71,,1
64.9,429.0,140.6,71,,1
65.8,435.1,140.6,71,,1
66.7,441.1,141.5,70,,1
67.5,447.1,141.5,70,,1
68.4,453.1,142.5,70,,1
69.3,459.3,142.5,70,,1
70.1,465.2,143.1,70,,1
70.9,471.3,143.1,70,,1
71.8,477.3,141.6,71,,1
72.6,483.4,141.6,71,,1
73.5,489.4,139.6,72,,1
74.3,495.4,139.6,72,,1
75.2,501.5,140.0,71,,1
76.0,507.5,140.0,71,,1
76.9,513.6,140.5,71,,1
77.7,519.6,140.5,71,,1
78.5,525.7,140.0,71,,1
79.4,531.8,140.0,71,,1
80.2,537.9,139.3,72,,1
81.1,544.0,139.3,72,,1
81.9,550.0,138.6,72,,1
82.7,555.9,138.6,72,,1
83.5,561.9,136.6,73,,1
84.4,568.1,136.6,73,,1
85.2,574.1,137.2,72,,1
86.0,580.0,137.2,72,,1
86.9,586.1,138.7,71,,1
87.7,592.1,138.7,71,,1
88.6,598.3,140.1,71,,1
89.4,604.3,140.1,71,,1
90.3,610.4,140.6,71,,1
91.1,616.3,140.6,71,,1
91.9,622.3,139.1,72,,1
92.8,628.5,139.1,72,,1
93.6,634.6,139.0,71,,1
94.4,640.5,139.0,71,,1
95.3,646.5,139.0,72,,1
96.1,652.6,139.0,72,,1
96.9,658.6,139.5,71,,1
97.8,664.8,139.5,71,,1
98.7,670.7,141.3,69,,1
99.5,676.7,141.3,69,,1
100.4,682.8,143.2,69,,1
101.3,688.9,143.2,69,,1
102.1,694.9,141.6,70,,1
102.9,700.9,141.6,70,,1
103.8,707.1,142.4,70,,1
104.7,713.1,142.4,70,,1
105.6,719.2,142.9,69,,1
106.4,725.1,142.9,69,,1
107.3,731.1,144.7,69,,1
108.2,737.2,144.7,69,,1
109.1,743.3,145.2,68,,1
109.9,749.3,145.2,68,,1
110.8,755.3,146.1,68,,1
111.6,761.3,146.1,68,,1
112.5,767.5,141.3,72,,1
113.3,773.6,141.3,72,,1
114.1,779.5,136.1,74,,1
114.9,785.5,136.1,74,,1
115.7,791.6,133.8,74,,1
116.5,797.6,133.8,74,,1
117.4,803.6,137.4,71,,1
118.2,809.8,137.4,71,,1
119.1,815.7,141.1,70,,1
120.0,821.9,143.6,69,,1
120.8,827.9,143.6,69,,1
121.7,833.9,143.6,69,,1
122.6,839.9,144.0,70,,1
123.4,846.1,144.0,70,,1
124.3,852.0,142.9,70,,1
125.2,858.2,142.9,70,,1
126.0,864.1,143.0,70,,1
126.9,870.1,143.0,70,,1
127.7,876.2,142.1,70,,1
128.6,882.2,142.1,70,,1
129.4,888.2,142.9,70,,1
130.3,894.4,142.9,70,,1
131.2,900.3,142.8,70,,1
132.0,906.4,142.8,70,,1
132.9,912.4,142.9,70,,1
133.8,918.6,142.9,70,,1
134.6,924.5,142.8,70,,1
135.5,930.5,143.5,69,,1
136.3,936.7,143.5,69,,1
137.2,942.7,143.9,69,,1
138.1,948.7,143.9,69,,1
138.9,954.8,143.9,69,,1
139.8,960.9,142.8,70,,1
140.6,966.8,142.8,70,,1
141.5,972.8,141.4,71,,1
142.3,978.9,141.4,71,,1
143.1,984.9,139.4,72,,1
144.0,990.9,138.2,72,,1
144.8,997.0,138.2,72,,1
145.7,1003.0,138.2,72,,1
146.5,1009.1,140.0,71,,1
147.4,1015.2,140.0,71,,1
148.2,1021.2,141.3,70,,1
149.1,1027.2,141.3,70,,1
149.9,1033.2,142.3,69,,1
150.8,1039.4,142.3,69,,1
151.7,1045.3,143.3,69,,1
152.5,1051.4,143.3,69,,1
153.4,1057.5,141.9,70,,1
154.2,1063.6,141.2,70,,1
155.1,1069.5,141.2,70,,1
155.9,1075.5,141.2,70,,1
156.8,1081.7,141.9,70,,1
157.6,1087.6,141.9,70,,1
158.5,1093.8,142.1,70,,1
159.3,1099.8,142.1,70,,1
160.2,1105.9,141.3,71,,1
161.0,1111.8,141.3,71,,1
161.8,1117.8,139.2,71,,1
162.7,1123.9,139.2,71,,1
163.5,1129.9,139.8,71,,1
164.4,1135.9,139.8,71,,1
165.2,1142.0,139.7,71,,1
166.1,1148.0,139.7,71,,1
166.9,1154.1,139.9,71,,1
167.7,1160.1,139.9,71,,1
168.6,1166.2,140.4,71,,1
169.4,1172.3,140.4,71,,1
170.3,1178.4,139.3,72,,1
171.1,1184.3,139.3,72,,1
171.9,1190.4,138.8,72,,1
172.7,1196.4,138.8,72,,1
173.6,1202.4,137.1,73,,1
174.4,1208.6,137.1,73,,1
175.2,1214.5,136.0,73,,1
176.1,1220.8,136.0,73,,1
176.9,1226.7,136.6,73,,1
177.7,1232.6,136.6,73,,1
178.5,1238.7,137.2,72,,1
179.3,1244.7,137.2,72,,1
180.2,1250.9,138.1,72,,1
181.0,1256.9,138.1,72,,1
181.8,1262.8,138.0,72,,1
182.7,1269.0,138.0,72,,1
183.5,1275.0,137.5,73,,1
184.3,1281.2,137.5,73,,1
185.1,1287.1,136.6,73,,1
186.0,1293.2,136.3,73,,1
186.8,1299.1,136.3,73,,1
187.6,1305.2,136.3,73,,1
188.4,1311.2,136.9,73,,1
189.3,1317.3,136.9,73,,1
190.1,1323.2,137.6,73,,1
190.9,1329.4,137.6,73,,1
191.7,1335.3,137.7,72,,1
192.6,1341.5,137.7,72,,1
193.4,1347.4,137.7,73,,1
194.3,1353.6,137.7,73,,1
195.1,1359.5,137.6,72,,1
195.9,1365.7,137.6,72,,1
196.7,1371.6,137.7,72,,1
197.6,1377.7,137.7,72,,1
198.4,1383.7,137.6,72,,1
199.2,1389.8,137.2,73,,1
200.0,1395.9,137.2,73,,1
200.8,1401.8,137.2,73,,1
201.6,1407.8,134.2,74,,1
202.4,1413.9,134.2,74,,1
203.3,1420.0,134.9,74,,1
204.1,1426.1,134.9,74,,1
204.9,1432.0,135.8,73,,1
205.7,1438.0,136.0,73,,1
206.6,1444.2,136.0,73,,1
207.4,1450.1,136.0,73,,1
208.2,1456.2,137.6,71,,1
209.1,1462.2,137.6,71,,1
209.9,1468.2,139.5,71,,1
210.7,1474.3,139.5,71,,1
211.6,1480.4,140.0,71,,1
212.4,1486.5,140.0,71,,1
213.3,1492.5,139.4,71,,1
214.1,1498.6,139.4,71,,1
215.0,1504.6,140.3,70,,1
215.8,1510.5,140.3,70,,1
216.7,1516.6,140.8,70,,1
217.5,1522.6,140.8,70,,1
218.4,1528.8,141.1,70,,1
219.2,1534.7,141.1,70,,1
220.1,1540.7,141.1,70,,1
220.9,1546.9,141.1,70,,1
221.7,1552.9,140.2,71,,1
222.6,1559.0,140.2,71,,1
223.4,1564.9,139.1,71,,1
224.2,1570.9,139.1,71,,1
225.1,1577.1,139.0,71,,1
225.9,1583.2,139.0,71,,1
226.8,1589.1,139.1,71,,1
227.6,1595.2,139.1,71,,1
228.4,1601.3,137.6,74,,1
229.2,1607.2,135.7,73,,1
230.1,1613.4,135.7,73,,1
230.9,1619.3,135.7,73,,1
231.7,1625.4,137.5,72,,1
232.6,1631.5,137.5,72,,1
233.4,1637.4,138.8,72,,1
234.2,1643.6,138.8,72,,1
235.1,1649.6,139.9,71,,1
235.9,1655.6,139.9,71,,1
236.8,1661.7,140.8,71,,1
237.6,1667.6,140.8,71,,1
238.5,1673.8,141.4,70,,1
239.3,1679.8,141.4,70,,1
240.2,1685.7,141.8,71,,1
241.0,1691.9,141.8,71,,1
241.9,1697.9,141.7,71,,1
242.7,1704.0,141.7,71,,1
243.6,1709.9,140.9,71,,1
244.4,1715.9,140.9,71,,1
245.3,1722.0,141.3,71,,1
246.2,1728.1,141.3,71,,1
247.0,1734.1,141.6,70,,1
247.8,1740.1,141.6,70,,1
248.7,1746.1,141.7,71,,1
249.5,1752.2,141.7,71,,1
250.3,1758.4,137.4,73,,1
251.2,1764.4,137.4,73,,1
252.0,1770.3,135.9,73,,1
252.8,1776.4,135.9,73,,1
253.6,1782.4,138.3,72,,1
254.5,1788.4,138.3,72,,1
255.3,1794.5,140.3,71,,1
256.2,1800.6,140.3,71,,1
257.0,1806.6,139.0,72,,1
257.8,1812.6,139.0,72,,1
258.7,1818.6,139.3,71,,1
259.6,1824.8,139.3,71,,1
260.4,1830.7,140.8,70,,1
261.3,1836.8,140.8,70,,1
262.2,1842.9,143.9,68,,1
263.1,1849.0,143.9,68,,1
263.9,1854.9,147.1,68,,1
264.8,1861.0,147.1,68,,1
265.7,1867.1,145.3,69,,1
266.5,1873.1,145.3,69,,1
267.4,1879.0,143.9,69,,1
268.3,1885.1,143.9,69,,1
269.2,1891.1,146.1,67,,1
270.1,1897.3,146.1,67,,1
271.0,1903.2,147.4,67,,1
271.9,1909.4,147.4,67,,1
272.7,1915.3,148.5,67,,1
273.6,1921.3,148.5,67,,1
274.5,1927.5,148.8,67,,1
275.4,1933.5,148.8,67,,1
276.3,1939.7,147.1,67,,1
277.2,1945.5,147.1,67,,1
278.1,1951.5,147.0,67,,1
279.0,1957.6,147.5,67,,1
279.9,1963.8,147.5,67,,1
280.7,1969.7,147.5,67,,1
281.6,1975.8,147.3,68,,1
282.5,1981.8,147.3,68,,1
283.4,1987.8,146.0,69,,1
284.2,1993.8,146.0,69,,1
285.1,1999.9,144.9,69,,1
286.0,2005.9,144.9,69,,1
286.9,2012.0,145.1,68,,1
287.8,2018.1,145.1,68,,1
288.6,2024.0,146.2,68,,1
289.5,2030.1,146.2,68,,1
290.4,2036.3,146.2,69,,1
291.2,2042.2,146.2,69,,1
292.1,2048.3,142.8,70,,1
293.0,2054.3,142.5,70,,1
293.8,2060.3,142.5,70,,1
294.7,2066.3,142.5,70,,1
295.6,2072.5,142.8,70,,1
296.4,2078.4,142.8,70,,1
297.3,2084.5,143.9,69,,1
298.1,2090.5,143.9,69,,1
299.0,2096.5,144.0,69,,1
299.9,2102.6,144.0,69,,1
300.7,2108.7,143.5,70,,1
301.6,2114.7,143.5,70,,1
302.4,2120.7,142.3,71,,1
303.3,2126.7,142.3,71,,1
304.1,2132.8,141.3,70,,1
305.0,2138.8,141.3,70,,1
305.9,2145.0,142.2,70,,1
306.7,2150.9,142.1,70,,1
307.6,2157.1,142.1,70,,1
308.4,2163.1,142.1,70,,1
309.3,2169.0,142.1,70,,1
310.1,2175.2,142.1,70,,1
311.0,2181.2,141.8,70,,1
311.8,2187.1,141.8,70,,1
312.7,2193.2,141.5,71,,1
313.6,2199.3,141.5,71,,1
314.4,2205.3,141.9,70,,1
315.3,2211.4,141.9,70,,1
316.1,2217.3,142.3,70,,1
317.0,2223.5,142.3,70,,1
317.8,2229.4,142.6,70,,1
318.7,2235.5,143.6,69,,1
319.6,2241.6,143.6,69,,1
320.4,2247.6,143.6,69,,1
321.3,2253.6,144.0,70,,1
322.1,2259.8,144.0,70,,1
323.0,2265.7,140.9,71,,1
323.8,2271.7,140.9,71,,1
324.7,2277.8,142.1,70,,1
325.6,2283.9,142.1,70,,1
326.4,2289.8,143.2,69,,1
327.3,2295.9,143.2,69,,1
328.1,2301.9,143.2,69,,1
329.0,2308.0,143.2,69,,1
329.9,2314.1,141.6,70,,1
330.7,2320.2,140.5,71,,1
331.5,2326.2,140.5,71,,1
332.4,2332.1,140.5,71,,1
333.2,2338.2,139.3,71,,1
334.0,2344.2,139.3,71,,1
334.9,2350.2,139.7,71,,1
335.7,2356.3,139.7,71,,1
336.6,2362.3,140.6,70,,1
337.5,2368.5,141.0,70,,1
338.3,2374.4,141.0,70,,1
339.2,2380.6,141.0,70,,1
340.0,2386.5,140.9,70,,1
340.8,2392.5,140.9,70,,1
341.7,2398.6,141.2,71,,1
342.5,2404.6,141.2,71,,1
343.3,2410.8,137.8,73,,1
344.1,2416.7,137.8,73,,1
345.0,2422.9,136.8,72,,1
345.8,2428.8,136.8,72,,1
346.7,2434.9,137.9,72,,1
347.5,2441.0,137.9,72,,1
348.3,2447.0,138.2,72,,1
349.2,2453.1,138.2,72,,1
350.0,2459.0,140.0,70,,1
350.9,2465.0,140.0,70,,1
351.7,2471.1,141.6,70,,1
352.6,2477.1,141.6,70,,1
353.4,2483.1,141.1,71,,1
354.2,2489.2,137.6,73,,1
355.0,2495.3,137.6,73,,1
355.9,2501.4,137.6,73,,1
356.7,2507.4,135.4,74,,1
357.5,2513.3,135.4,74,,1
358.3,2519.4,136.5,72,,1
359.2,2525.4,136.5,72,,1
360.0,2531.6,139.7,71,,1
360.9,2537.6,139.7,71,,1
361.7,2543.7,141.3,71,,1
362.6,2549.6,141.3,71,,1
363.4,2555.6,141.5,71,,1
364.3,2561.7,141.5,71,,1
365.1,2567.8,141.3,71,,1
366.0,2573.9,141.3,71,,1
366.8,2579.9,140.5,71,,1
367.7,2586.0,140.5,71,,1
368.5,2591.9,140.3,71,,1
369.4,2598.0,140.3,71,,1
370.2,2604.0,139.6,72,,1
371.0,2610.0,139.6,72,,1
371.8,2616.1,136.4,74,,1
372.6,2622.2,136.4,74,,1
373.5,2628.3,135.7,73,,1
374.3,2634.2,135.7,73,,1
375.1,2640.2,136.4,73,,1
375.9,2646.3,136.4,73,,1
376.7,2652.3,135.4,73,,1
377.5,2658.3,135.4,73,,1
378.3,2664.5,134.3,75,,1
379.1,2670.6,134.3,75,,1
380.0,2676.6,134.1,74,,1
380.8,2682.5,134.1,74,,1
381.6,2688.6,135.6,73,,1
382.4,2694.7,135.6,73,,1
383.2,2700.6,137.2,72,,1
384.1,2706.8,137.2,72,,1
384.9,2712.7,137.3,72,,1
385.7,2718.8,137.3,72,,1
386.6,2724.9,138.4,72,,1
387.4,2731.0,138.4,72,,1
388.3,2737.0,139.2,71,,1
389.1,2742.9,139.2,71,,1
389.9,2749.0,139.1,71,,1
390.8,2755.1,139.1,71,,1
391.6,2761.1,138.5,72,,1
392.4,2767.1,138.5,72,,1
393.3,2773.3,138.4,72,,1
394.1,2779.3,138.4,72,,1
394.9,2785.2,138.5,72,,1
395.8,2791.4,138.5,72,,1
396.6,2797.3,138.0,72,,1
397.4,2803.3,138.0,72,,1
398.3,2809.5,138.3,72,,1
399.1,2815.6,138.3,72,,1
399.9,2821.5,139.0,71,,1
400.7,2827.5,139.0,71,,1
401.5,2833.7,136.0,74,,1
402.4,2839.7,136.0,74,,1
403.2,2845.8,133.8,74,,1
404.0,2851.7,133.8,74,,1
404.8,2857.7,136.4,72,,1
405.7,2863.9,141.2,70,,1
406.5,2869.8,141.2,70,,1
407.4,2876.0,141.2,70,,1
408.3,2881.9,143.1,70,,1
409.1,2887.9,143.1,70,,1
410.0,2894.1,143.4,70,,1
410.9,2900.0,143.4,70,,1
411.7,2906.1,143.4,69,,1
412.6,2912.2,143.4,69,,1
413.4,2918.3,143.5,70,,1
414.3,2924.3,143.5,70,,1
415.1,2930.4,137.9,74,,1
415.9,2936.3,137.9,74,,1
416.7,2942.4,136.0,73,,1
417.5,2948.4,136.0,73,,1
418.4,2954.4,137.5,72,,1
419.2,2960.6,137.5,72,,1
420.1,2966.6,139.2,72,,1
420.9,2972.7,139.2,72,,1
421.8,2978.7,139.4,71,,1
422.6,2984.6,139.4,71,,1
423.5,2990.8,140.4,71,,1
424.3,2996.7,140.4,71,,1
425.1,3002.9,140.3,71,,1
426.0,3008.9,140.3,71,,1
426.8,3014.8,140.4,71,,1
427.7,3020.9,140.4,71,,1
428.5,3026.9,140.5,71,,1
429.4,3033.0,140.5,71,,1
430.2,3039.0,140.2,71,,1
431.0,3045.0,140.2,71,,1
431.9,3051.1,140.3,71,,1
432.7,3057.1,140.3,71,,1
433.6,3063.2,139.8,71,,1
434.4,3069.3,139.8,71,,1
435.3,3075.4,139.6,72,,1
436.1,3081.3,139.6,72,,1
436.9,3087.4,138.6,72,,1
437.7,3093.4,138.6,72,,1
438.5,3099.4,137.5,74,,1
439.4,3105.6,137.5,74,,1
440.2,3111.5,135.9,73,,1
441.0,3117.5,135.9,73,,1
441.9,3123.7,136.8,73,,1
442.7,3129.6,136.8,73,,1
443.5,3135.7,137.1,73,,1
444.3,3141.8,137.1,73,,1
445.1,3147.7,136.6,73,,1
446.0,3153.8,136.5,73,,1
446.8,3159.9,136.5,73,,1
447.6,3165.9,136.5,73,,1
448.4,3171.9,136.1,73,,1
449.3,3178.1,136.1,73,,1
450.1,3184.1,136.5,73,,1
450.9,3190.0,136.5,73,,1
451.7,3196.2,136.7,72,,1
452.5,3202.2,136.7,72,,1
453.4,3208.2,136.2,73,,1
454.2,3214.3,137.0,73,,1
455.0,3220.2,137.0,73,,1
455.8,3226.3,137.0,73,,1
456.6,3232.3,134.2,74,,1
457.4,3238.5,134.2,74,,1
458.2,3244.5,133.9,74,,1
459.0,3250.6,133.9,74,,1
459.9,3256.6,134.7,73,,1
460.7,3262.7,134.7,73,,1
461.5,3268.7,134.7,74,,1
462.3,3274.6,134.7,74,,1
463.1,3280.7,134.1,74,,1
463.9,3286.8,134.1,74,,1
464.7,3292.9,135.2,73,,1
465.5,3298.8,135.2,73,,1
466.4,3304.8,136.4,72,,1
467.2,3311.0,136.3,73,,1
468.0,3317.0,136.3,73,,1
468.8,3323.1,136.3,73,,1
469.6,3329.1,135.1,73,,1
470.4,3335.0,135.9,73,,1
471.3,3341.1,135.9,73,,1
472.1,3347.2,135.9,73,,1
472.9,3353.2,136.4,73,,1
473.7,3359.2,136.4,73,,1
474.5,3365.2,136.5,73,,1
475.4,3371.4,136.5,73,,1
476.2,3377.4,134.1,75,,1
476.9,3383.4,133.0,75,,1
477.8,3389.5,133.0,75,,1
478.6,3395.6,133.0,75,,1
479.4,3401.5,133.6,74,,1
480.2,3407.5,133.6,74,,1
481.0,3413.6,133.8,74,,1
481.8,3419.7,133.8,74,,1
482.6,3425.7,133.7,75,,1
483.4,3431.7,133.7,75,,1
484.2,3437.9,133.4,75,,1
485.0,3443.9,133.4,75,,1
485.8,3449.8,133.3,75,,1
486.6,3455.9,133.3,75,,1
487.4,3461.9,132.9,75,,1
488.2,3468.1,132.2,75,,1
489.0,3474.0,132.2,75,,1
489.8,3480.0,132.2,75,,1
490.6,3486.2,131.2,76,,1
491.4,3492.3,131.2,76,,1
492.1,3498.2,131.2,76,,1
492.9,3504.2,131.2,76,,1
493.7,3510.4,131.4,76,,1
494.5,3516.3,131.4,76,,1
495.3,3522.3,131.5,76,,1
496.1,3528.4,131.5,76,,1
496.9,3534.6,130.6,77,,1
497.7,3540.6,130.6,77,,1
498.4,3546.6,130.1,76,,1
499.2,3552.6,130.1,76,,1
500.0,3558.7,131.3,76,,1
500.8,3564.6,131.3,76,,1
501.6,3570.8,132.5,75,,1
502.4,3576.7,132.5,75,,1
503.2,3582.9,132.5,76,,1
504.0,3588.9,132.5,76,,1
504.8,3595.0,131.2,77,,1
505.6,3600.9,131.2,77,,1
506.4,3606.9,130.3,76,,1
507.2,3613.1,130.3,76,,1
507.9,3619.0,131.5,75,,1
508.7,3625.1,131.5,75,,1
509.6,3631.2,132.8,75,,1
510.4,3637.1,132.8,75,,1
511.2,3643.2,133.6,74,,1
512.0,3649.4,133.6,74,,1
512.8,3655.4,133.4,75,,1
513.6,3661.4,133.4,75,,1
514.4,3667.5,132.5,77,,1
515.1,3673.5,132.5,77,,1
515.9,3679.6,129.1,77,,1
516.7,3685.5,131.1,75,,1
517.5,3691.5,131.1,75,,1
518.3,3697.7,131.1,75,,1
519.1,3703.6,134.1,74,,1
519.9,3709.6,135.5,73,,1
520.8,3715.7,135.5,73,,1
521.6,3721.7,135.5,73,,1
522.4,3727.9,136.3,73,,1
523.2,3733.8,136.3,73,,1
524.0,3739.9,135.7,73,,1
524.8,3745.9,135.7,73,,1
525.7,3751.9,135.1,73,,1
526.5,3758.0,135.1,73,,1
527.3,3764.0,135.1,73,,1
528.1,3770.1,135.1,73,,1
528.9,3776.2,134.8,74,,1
529.7,3782.3,134.8,74,,1
530.5,3788.2,133.7,74,,1
531.3,3794.2,133.7,74,,1
532.1,3800.4,133.3,75,,1
532.9,3806.3,133.3,75,,1
533.7,3812.4,132.3,75,,1
534.5,3818.4,132.3,75,,1
535.3,3824.6,130.8,77,,1
536.0,3830.5,130.8,77,,1
536.8,3836.5,127.3,78,,1
537.6,3842.6,127.3,78,,1
538.4,3848.7,129.7,76,,1
539.2,3854.6,129.7,76,,1
540.0,3860.7,132.3,75,,1
540.8,3866.7,132.3,75,,1
541.6,3873.0,134.3,74,,1
542.4,3878.8,134.3,74,,1
543.3,3885.0,135.5,74,,1
544.1,3891.0,135.5,74,,1
544.9,3896.9,136.1,73,,1
545.7,3903.0,135.8,74,,1
546.5,3909.0,135.8,74,,1
547.3,3915.1,135.8,74,,1
548.1,3921.1,135.1,74,,1
549.0,3927.3,135.1,74,,1
549.8,3933.3,136.0,73,,1
550.6,3939.2,136.0,73,,1
551.4,3945.3,135.6,74,,1
552.2,3951.3,135.6,74,,1
553.0,3957.4,135.0,74,,1
553.8,3963.4,135.0,74,,1
554.7,3969.4,135.1,74,,1
555.5,3975.6,135.1,74,,1
556.3,3981.7,134.4,75,,1
557.1,3987.6,134.4,75,,1
557.9,3993.6,133.6,75,,1
558.7,3999.8,133.1,75,,1
559.5,4005.7,133.1,75,,1
560.3,4011.7,133.1,75,,1
561.1,4017.8,133.5,74,,1
561.9,4023.8,133.5,74,,1
562.7,4030.0,134.6,74,,1
563.5,4036.0,134.6,74,,1
564.3,4042.0,131.6,76,,1
565.1,4048.3,131.6,76,,1
565.9,4054.0,133.4,74,,1
566.7,4060.1,133.4,74,,1
567.6,4066.2,135.7,73,,1
568.4,4072.3,135.7,73,,1
569.2,4078.2,136.1,73,,1
570.0,4084.2,136.1,73,,1
570.8,4090.3,135.7,73,,1
571.6,4096.3,135.7,73,,1
572.4,4102.4,135.2,74,,1
573.3,4108.5,135.2,74,,1
574.1,4114.5,135.4,73,,1
574.9,4120.6,135.4,73,,1
575.7,4126.7,135.8,74,,1
576.5,4132.6,135.8,74,,1
577.3,4138.6,133.5,74,,1
578.1,4144.8,133.5,74,,1
578.9,4150.8,133.5,74,,1
579.7,4156.8,133.5,74,,1
580.5,4162.8,134.2,74,,1
581.3,4168.8,134.2,74,,1
582.2,4174.9,134.2,74,,1
583.0,4180.9,134.2,74,,1
583.8,4187.1,134.4,74,,1
584.6,4193.1,134.4,74,,1
585.4,4199.1,133.9,74,,1
586.2,4205.3,133.9,74,,1
587.0,4211.3,134.4,74,,1
587.8,4217.2,134.4,74,,1
588.7,4223.2,136.6,72,,1
589.5,4229.4,136.6,72,,1
590.4,4235.4,139.2,71,,1
591.2,4241.5,139.2,71,,1
592.1,4247.4,140.6,71,,1
592.9,4253.4,140.6,71,,1
593.8,4259.6,141.1,70,,1
594.6,4265.5,141.1,70,,1
595.5,4271.7,141.9,69,,1
596.3,4277.7,141.9,69,,1
597.2,4283.6,142.0,71,,1
598.0,4289.8,142.0,71,,1
598.8,4295.7,140.2,71,,1
599.7,4301.8,140.2,71,,1
600.5,4307.8,136.0,74,,1
601.3,4314.0,136.0,74,,1
602.1,4319.9,134.0,74,,1
602.9,4326.1,134.0,74,,1
603.7,4332.1,134.4,74,,1
604.5,4338.2,134.4,74,,1
605.3,4344.1,135.2,73,,1
606.2,4350.2,137.3,72,,1
607.0,4356.3,137.3,72,,1
607.9,4362.3,137.3,72,,1
608.7,4368.2,140.3,71,,1
609.6,4374.3,140.3,71,,1
610.4,4380.3,140.8,71,,1
611.2,4386.4,140.8,71,,1
612.1,4392.4,140.4,71,,1
612.9,4398.6,140.4,71,,1
613.7,4404.6,136.6,74,,1
614.5,4410.5,136.6,74,,1
615.3,4416.6,133.8,75,,1
616.1,4422.8,133.8,75,,1
616.9,4428.8,133.1,75,,1
617.7,4434.7,133.1,75,,1
618.5,4440.8,133.9,74,,1
619.3,4446.8,133.9,74,,1
620.2,4453.0,135.1,73,,1
621.0,4458.9,135.1,73,,1
621.8,4465.0,136.9,72,,1
622.7,4471.1,138.2,72,,1
623.5,4477.0,138.2,72,,1
624.3,4483.0,138.2,72,,1
625.2,4489.2,139.4,72,,1
626.0,4495.1,139.4,72,,1
626.8,4501.2,135.5,75,,1
627.6,4507.2,135.5,75,,1
628.4,4513.4,133.7,74,,1
629.2,4519.4,133.7,74,,1
630.0,4525.5,134.3,74,,1
630.8,4531.5,134.3,74,,1
631.7,4537.5,134.9,74,,1
632.5,4543.5,134.9,74,,1
633.3,4549.6,136.0,73,,1
634.1,4555.5,136.0,73,,1
635.0,4561.7,137.1,72,,1
635.8,4567.6,137.1,72,,1
636.6,4573.7,138.2,71,,1
637.5,4579.7,138.2,71,,1
638.3,4585.7,139.5,71,,1
639.1,4591.8,139.5,71,,1
640.0,4598.0,140.1,71,,1
640.8,4604.0,140.1,71,,1
641.7,4609.9,138.9,72,,1
642.5,4616.1,138.9,72,,1
643.3,4622.0,137.6,73,,1
644.1,4628.0,137.6,73,,1
644.9,4634.2,133.0,75,,1
645.7,4640.3,133.0,75,,1
646.5,4646.3,134.2,73,,1
647.3,4652.2,134.2,73,,1
648.2,4658.4,136.4,73,,1
649.0,4664.3,136.4,73,,1
649.8,4670.3,136.9,72,,1
650.7,4676.5,136.9,72,,1
651.5,4682.4,137.3,72,,1
652.3,4688.6,137.3,72,,1
653.1,4694.5,137.5,72,,1
654.0,4700.7,137.5,72,,1
654.8,4706.6,137.0,73,,1
655.6,4712.9,137.0,73,,1
656.4,4718.7,136.1,73,,1
657.2,4724.8,136.1,73,,1
658.1,4730.9,135.8,74,,1
658.9,4736.9,135.8,74,,1
659.7,4742.8,135.5,73,,1
660.5,4749.0,135.5,73,,1
661.3,4755.1,134.5,75,,1
662.1,4761.0,134.5,75,,1
662.8,4767.0,131.2,76,,1
663.7,4773.2,131.2,76,,1
664.4,4779.1,131.7,75,,1
665.3,4785.3,131.7,75,,1
666.0,4791.2,132.5,75,,1
666.8,4797.3,132.5,75,,1
667.6,4803.3,132.4,76,,1
668.4,4809.4,132.0,75,,1
669.2,4815.3,132.0,75,,1
670.0,4821.5,132.0,75,,1
670.8,4827.4,132.6,76,,1
671.6,4833.6,132.6,76,,1
672.4,4839.6,132.4,75,,1
673.2,4845.5,132.4,75,,1
674.0,4851.6,133.7,75,,1
674.8,4857.8,133.7,75,,1
675.6,4863.7,133.4,75,,1
676.4,4869.7,133.4,74,,1
677.2,4875.8,133.4,74,,1
678.1,4881.8,133.4,74,,1
678.9,4887.8,134.8,74,,1
679.7,4893.9,135.0,74,,1
680.5,4899.9,135.0,74,,1
681.3,4906.0,135.0,74,,1
682.1,4912.0,134.8,74,,1
682.9,4918.0,134.7,74,,1
683.7,4924.1,134.7,74,,1
684.6,4930.3,134.7,74,,1
685.4,4936.3,134.5,74,,1
686.2,4942.3,134.5,75,,1
687.0,4948.3,134.5,75,,1
687.8,4954.3,134.5,75,,1
688.6,4960.3,133.2,75,,1
689.4,4966.5,133.2,75,,1
690.2,4972.7,133.8,75,,1
691.0,4978.5,133.8,75,,1
691.8,4984.6,133.5,75,,1
692.6,4990.7,133.5,75,,1
693.4,4996.6,134.5,74,,1
694.2,5002.6,134.5,74,,1
695.1,5008.7,135.5,73,,1
695.9,5014.7,135.5,73,,1
696.7,5020.9,135.8,73,,1
697.5,5026.9,135.8,73,,1
698.3,5033.0,135.6,74,,1
699.1,5039.0,135.6,74,,1
699.9,5044.9,134.5,74,,1
700.8,5051.1,134.5,74,,1
701.6,5057.2,135.1,73,,1
702.4,5063.0,138.8,71,,1
703.3,5069.1,138.8,71,,1
704.1,5075.2,138.8,71,,1
705.0,5081.3,141.4,70,,1
705.8,5087.2,141.4,70,,1
706.7,5093.5,141.5,70,,1
707.5,5099.3,141.5,70,,1
708.4,5105.3,140.7,71,,1
709.2,5111.4,140.7,71,,1
710.1,5117.4,140.0,71,,1
710.9,5123.4,140.0,71,,1
711.7,5129.6,139.3,71,,1
712.6,5135.5,139.3,71,,1
713.4,5141.7,138.2,72,,1
714.2,5147.6,138.2,72,,1
715.1,5153.8,137.2,72,,1
715.9,5159.7,137.2,72,,1
716.7,5165.9,137.7,72,,1
717.5,5171.9,137.7,72,,1
718.4,5177.8,138.1,72,,1
719.2,5184.0,138.1,72,,1
720.0,5189.9,137.9,72,,1
720.9,5196.1,137.9,72,,1
721.7,5202.1,137.5,73,,1
722.5,5208.1,137.5,73,,1
723.2,5214.1,133.0,77,,1
724.1,5220.2,133.0,77,,1
724.9,5226.3,131.7,74,,1
725.7,5232.2,135.3,73,,1
726.5,5238.2,135.3,73,,1
727.3,5244.4,135.3,73,,1
728.1,5250.3,137.1,72,,1
729.0,5256.5,137.1,72,,1
729.8,5262.4,137.8,72,,1
730.6,5268.4,137.8,72,,1
731.5,5274.6,136.7,73,,1
732.3,5280.6,136.7,73,,1
733.1,5286.6,136.0,73,,1
733.9,5292.7,136.0,73,,1
734.7,5298.8,135.1,74,,1
735.5,5304.8,135.1,74,,1
736.3,5310.8,134.8,74,,1
737.1,5316.9,134.8,74,,1
738.0,5322.9,134.9,74,,1
738.7,5329.0,134.9,74,,1
739.5,5335.0,132.5,77,,1
740.3,5341.0,132.5,77,,1
741.1,5347.0,129.7,77,,1
741.9,5353.1,129.7,77,,1
742.6,5359.0,129.9,77,,1
743.4,5365.1,130.7,76,,1
744.2,5371.1,130.7,76,,1
745.0,5377.2,130.7,76,,1
745.8,5383.3,130.3,77,,1
746.6,5389.4,130.3,77,,1
747.4,5395.4,130.4,76,,1
748.2,5401.5,130.4,76,,1
748.9,5407.4,130.4,76,,1
749.7,5413.4,130.4,76,,1
750.5,5419.6,131.0,76,,1
751.3,5425.5,131.0,76,,1
752.1,5431.5,131.2,76,,1
752.9,5437.6,131.2,76,,1
753.7,5443.7,130.6,76,,1
754.5,5449.8,130.6,76,,1
755.3,5455.8,131.2,75,,1
756.1,5461.7,131.2,75,,1
756.9,5467.9,133.9,74,,1
757.7,5473.8,133.9,74,,1
758.5,5480.0,136.4,73,,1
759.4,5485.9,136.4,73,,1
760.2,5492.1,137.5,72,,1
761.0,5498.1,137.5,72,,1
761.8,5504.2,137.0,73,,1
762.6,5510.1,137.0,73,,1
763.4,5516.2,133.3,76,,1
764.1,5522.2,133.3,76,,1
764.9,5528.2,127.1,79,,1
765.7,5534.4,125.9,78,,1
766.4,5540.4,125.9,78,,1
767.2,5546.4,125.9,78,,1
768.0,5552.5,130.2,75,,1
768.9,5558.5,130.2,75,,1
769.7,5564.4,134.6,73,,1
770.5,5570.6,134.6,73,,1
771.3,5576.5,137.2,72,,1
772.2,5582.6,137.8,72,,1
773.0,5588.6,137.8,72,,1
773.8,5594.8,137.8,72,,1
774.7,5600.8,138.0,72,,1
775.5,5606.7,138.0,72,,1
776.3,5612.8,137.7,72,,1
777.1,5618.9,137.7,72,,1
778.0,5624.9,136.8,73,,1
778.8,5631.0,136.8,73,,1
779.6,5636.9,137.3,72,,1
780.4,5643.0,136.8,73,,1
781.3,5649.2,136.8,73,,1
782.1,5655.2,136.8,73,,1
782.9,5661.1,136.2,73,,1
783.7,5667.3,136.2,73,,1
784.5,5673.3,135.0,74,,1
785.3,5679.2,135.0,74,,1
786.1,5685.4,133.6,75,,1
786.9,5691.3,133.6,75,,1
787.7,5697.4,131.7,77,,1
788.5,5703.5,131.7,77,,1
789.2,5709.4,128.8,77,,1
790.1,5715.6,128.8,77,,1
790.9,5721.5,132.4,74,,1
791.7,5727.7,132.4,74,,1
792.5,5733.7,137.4,72,,1
793.4,5739.8,137.4,72,,1
794.2,5745.7,139.6,71,,1
795.0,5751.7,139.6,71,,1
795.9,5757.8,139.2,72,,1
796.7,5763.8,139.2,72,,1
797.5,5769.8,138.3,73,,1
798.3,5776.0,138.3,73,,1
799.1,5781.9,133.7,76,,1
799.9,5788.1,131.5,77,,1
800.7,5794.1,131.5,77,,1
801.5,5800.0,131.5,77,,1
802.3,5806.2,130.8,76,,1
803.1,5812.1,130.8,76,,1
803.9,5818.3,133.6,74,,1
804.7,5824.2,133.6,74,,1
805.6,5830.4,136.7,73,,1
806.4,5836.3,136.7,73,,1
807.2,5842.3,137.2,73,,1
808.0,5848.5,137.2,73,,1
808.9,5854.5,136.3,73,,1
809.7,5860.4,136.3,73,,1
810.5,5866.5,136.3,73,,1
811.3,5872.5,136.3,73,,1
812.1,5878.7,135.8,74,,1
812.9,5884.6,135.0,74,,1
813.7,5890.6,135.0,74,,1
814.5,5896.8,135.0,74,,1
815.3,5902.9,132.8,76,,1
816.1,5908.8,132.8,76,,1
816.9,5914.9,131.3,76,,1
817.7,5920.9,131.3,76,,1
818.5,5927.0,132.3,75,,1
819.3,5933.1,132.3,75,,1
820.1,5939.1,133.5,74,,1
820.9,5945.1,133.5,74,,1
821.7,5951.1,134.9,74,,1
822.5,5957.1,134.9,74,,1
823.4,5963.1,133.9,74,,1
824.2,5969.2,133.7,74,,1
825.0,5975.3,133.7,74,,1
825.8,5981.4,133.7,74,,1
826.6,5987.3,135.3,73,,1
827.4,5993.5,135.3,73,,1
828.3,5999.5,136.5,73,,1
829.1,6005.4,136.5,73,,1
829.9,6011.5,136.1,73,,1
830.7,6017.5,136.1,73,,1
831.5,6023.7,135.2,74,,1
832.3,6029.7,135.2,74,,1
833.1,6035.6,133.8,74,,1
833.9,6041.7,134.0,74,,1
834.7,6047.7,134.0,74,,1
835.5,6053.9,134.0,74,,1
836.3,6059.8,133.6,74,,1
837.1,6066.0,133.6,74,,1
837.9,6071.9,132.7,75,,1
838.7,6078.0,132.7,75,,1
839.5,6084.0,131.8,75,,1
840.3,6090.1,131.8,75,,1
841.1,6096.0,132.5,74,,1
841.9,6102.2,132.6,75,,1
842.7,6108.1,132.6,75,,1
843.5,6114.3,132.6,75,,1
844.2,6120.2,129.6,77,,1
845.0,6126.2,129.6,77,,1
845.8,6132.4,128.9,76,,1
846.6,6138.4,128.9,76,,1
847.4,6144.4,133.1,74,,1
848.2,6150.4,133.1,74,,1
849.1,6156.6,134.6,74,,1
849.9,6162.6,134.6,74,,1
850.7,6168.6,135.1,74,,1
851.5,6174.6,135.1,74,,1
852.3,6180.6,134.8,74,,1
853.1,6186.6,134.8,74,,1
853.9,6192.7,134.0,74,,1
854.8,6198.8,134.0,74,,1
855.6,6204.9,136.7,72,,1
856.5,6210.9,136.7,72,,1
857.3,6216.8,140.2,71,,1
858.1,6222.9,140.2,71,,1
859.0,6228.9,140.5,71,,1
859.8,6235.1,140.5,71,,1
860.6,6241.0,139.6,72,,1
861.5,6247.0,139.6,72,,1
862.3,6253.2,138.9,72,,1
863.2,6259.3,137.9,73,,1
864.0,6265.2,137.9,73,,1
864.8,6271.2,137.9,73,,1
865.6,6277.2,137.4,72,,1
866.5,6283.3,137.4,72,,1
867.3,6289.5,137.3,73,,1
868.1,6295.4,137.3,73,,1
868.9,6301.5,137.1,73,,1
869.8,6307.5,137.1,73,,1
870.6,6313.6,137.2,73,,1
871.4,6319.7,136.9,73,,1
872.2,6325.6,136.9,73,,1
873.0,6331.6,136.9,73,,1
873.9,6337.8,135.6,74,,1
874.7,6343.8,133.5,74,,1
875.5,6349.7,133.5,74,,1
876.3,6355.8,133.5,74,,1
877.1,6361.8,134.2,74,,1
877.9,6367.9,134.2,74,,1
878.7,6373.9,135.1,73,,1
879.5,6380.1,135.1,73,,1
880.3,6386.0,135.8,73,,1
881.2,6392.3,135.8,73,,1
882.0,6398.1,136.3,73,,1
882.8,6404.2,136.3,73,,1
883.6,6410.3,135.7,73,,1
884.4,6416.3,135.7,73,,1
885.2,6422.2,135.0,74,,1
886.0,6428.3,135.0,74,,1
886.8,6434.3,133.7,74,,1
887.7,6440.6,133.7,74,,1
888.5,6446.4,135.3,73,,1
889.3,6452.6,135.3,73,,1
890.1,6458.5,136.8,72,,1
891.0,6464.5,136.8,72,,1
891.8,6470.6,137.8,72,,1
892.6,6476.7,137.8,72,,1
893.5,6482.8,136.7,73,,1
894.2,6488.7,136.7,73,,1
895.1,6494.9,135.6,74,,1
895.9,6500.9,135.6,74,,1
896.7,6506.9,134.8,74,,1
897.5,6513.0,134.8,74,,1
898.3,6519.0,134.3,74,,1
899.1,6524.9,134.3,74,,1
899.9,6531.0,134.4,74,,1
900.7,6537.0,134.4,74,,1
901.5,6543.2,134.0,74,,1
902.3,6549.2,134.0,74,,1
903.1,6555.1,132.0,76,,1
903.9,6561.2,132.0,76,,1
904.7,6567.3,131.0,76,,1
905.5,6573.4,131.0,76,,1
906.2,6579.3,130.8,76,,1
907.0,6585.5,130.8,76,,1
907.8,6591.5,130.1,77,,1
908.6,6597.5,130.1,77,,1
909.3,6603.5,127.0,79,,1
910.1,6609.5,127.0,79,,1
910.9,6615.5,127.9,77,,1
911.7,6621.6,127.9,77,,1
912.5,6627.6,132.6,74,,1
913.3,6633.7,132.6,74,,1
914.1,6639.7,134.8,74,,1
915.0,6645.9,134.8,74,,1
915.8,6651.9,136.0,73,,1
916.6,6657.8,136.0,73,,1
917.4,6664.0,137.0,73,,1
918.3,6669.9,137.0,73,,1
919.1,6675.9,137.3,73,,1
919.9,6682.1,136.0,74,,1
920.7,6688.2,136.0,74,,1
921.5,6694.2,136.0,74,,1
922.3,6700.2,134.9,74,,1
923.1,6706.2,135.0,74,,1
924.0,6712.3,135.0,74,,1
924.8,6718.4,135.0,74,,1
925.6,6724.3,135.7,74,,1
926.4,6730.3,135.4,74,,1
927.2,6736.4,135.4,74,,1
928.0,6742.4,135.4,74,,1
928.9,6748.6,134.7,74,,1
929.6,6754.5,133.9,75,,1
930.4,6760.5,133.9,75,,1
931.2,6766.6,133.9,75,,1
932.0,6772.6,132.9,75,,1
932.8,6778.7,132.9,75,,1
933.6,6784.7,130.8,77,,1
934.4,6790.7,130.8,77,,1
935.2,6797.0,129.4,77,,1
936.0,6802.9,129.4,77,,1
936.7,6808.9,131.1,76,,1
937.6,6815.0,131.1,76,,1
938.3,6820.9,132.1,75,,1
939.1,6827.0,133.1,75,,1
940.0,6833.1,133.1,75,,1
940.8,6839.1,133.1,75,,1
941.6,6845.1,133.3,74,,1
942.4,6851.3,133.3,74,,1
943.2,6857.3,134.0,74,,1
944.0,6863.2,134.0,74,,1
944.8,6869.3,132.9,76,,1
945.5,6875.3,132.9,76,,1
946.3,6881.3,129.9,77,,1
947.1,6887.5,129.9,77,,1
947.9,6893.6,129.4,77,,1
948.7,6899.5,130.0,76,,1
949.4,6905.5,130.0,76,,1
950.2,6911.5,130.0,76,,1
951.0,6917.6,130.2,76,,1
951.8,6923.6,130.2,76,,1
952.6,6929.8,129.6,77,,1
953.3,6935.8,129.6,77,,1
954.1,6941.8,128.6,77,,1
954.9,6947.8,128.6,77,,1
955.6,6953.8,128.1,77,,1
956.4,6959.9,127.6,78,,1
957.2,6966.0,127.6,78,,1
957.9,6972.1,127.6,78,,1
958.7,6978.0,126.7,79,,1
959.5,6984.2,126.7,79,,1
960.2,6990.2,126.0,78,,1
961.0,6996.1,126.0,78,,1
961.7,7002.3,126.1,79,,1
962.5,7008.2,126.1,79,,1
963.3,7014.4,127.1,78,,1
964.0,7020.3,127.1,78,,1
964.8,7026.3,127.9,77,,1
965.6,7032.4,127.9,77,,1
966.4,7038.4,129.6,76,,1
967.2,7044.6,129.6,76,,1
968.0,7050.6,130.5,76,,1
968.7,7056.5,130.5,76,,1
969.5,7062.6,130.7,76,,1
970.3,7068.6,130.7,76,,1
971.1,7074.7,130.7,76,,1
971.9,7080.7,130.7,76,,1
972.7,7087.0,129.8,77,,1
973.4,7092.8,129.8,77,,1
974.2,7098.9,129.0,77,,1
975.0,7105.0,129.0,77,,1
975.8,7110.9,129.5,77,,1
976.6,7116.9,129.5,77,,1
977.4,7123.1,130.1,77,,1
978.1,7129.1,130.1,77,,1
978.9,7135.2,128.4,78,,1
979.6,7141.1,128.4,78,,1
980.4,7147.3,126.3,79,,1
981.2,7153.2,126.9,78,,1
981.9,7159.3,126.9,78,,1
982.7,7165.4,126.9,78,,1
983.5,7171.3,129.3,77,,1
984.3,7177.3,129.3,77,,1
985.1,7183.5,130.7,76,,1
985.9,7189.4,130.7,76,,1
986.7,7195.6,131.9,76,,1
987.5,7201.6,131.9,76,,1
988.2,7207.5,131.7,76,,1
989.0,7213.6,131.7,76,,1
989.8,7219.8,131.4,76,,1
990.6,7225.8,131.4,76,,1
991.4,7231.7,131.2,76,,1
992.2,7237.8,131.2,76,,1
993.0,7243.9,130.9,76,,1
993.8,7250.0,130.9,76,,1
994.6,7256.0,130.4,77,,1
995.3,7262.0,130.4,77,,1
996.1,7268.0,129.7,77,,1
996.9,7274.0,129.7,77,,1
997.7,7280.2,128.4,78,,1
998.4,7286.1,127.1,79,,1
999.2,7292.4,127.1,79,,1
999.9,7298.2,127.1,79,,1
1000.7,7304.3,127.1,78,,1
1001.5,7310.2,127.1,78,,1
1002.2,7316.3,128.0,78,,1
1003.0,7322.5,128.0,78,,1
1003.8,7328.4,128.3,78,,1
1004.6,7334.5,128.3,78,,1
1005.3,7340.4,127.2,78,,1
1006.1,7346.6,127.2,78,,1
1006.9,7352.7,126.7,79,,1
1007.6,7358.6,126.7,79,,1
1008.4,7364.6,126.4,79,,1
1009.1,7370.6,126.4,79,,1
1009.9,7376.7,125.2,80,,1
1010.6,7382.8,125.2,80,,1
1011.4,7388.9,124.7,80,,1
1012.1,7394.9,124.7,80,,1
1012.8,7400.8,124.7,80,,1
1013.6,7407.0,124.7,80,,1
1014.3,7412.9,123.1,81,,1
1015.1,7419.1,123.1,81,,1
1015.8,7425.0,121.3,82,,1
1016.5,7431.2,121.3,82,,1
1017.3,7437.2,122.4,81,,1
1018.0,7443.1,122.4,81,,1
1018.8,7449.3,125.3,79,,1
1019.6,7455.2,125.3,79,,1
1020.3,7461.4,127.5,78,,1
1021.1,7467.3,127.5,78,,1
1021.9,7473.5,127.4,78,,1
1022.6,7479.5,127.7,77,,1
1023.4,7485.5,127.7,77,,1
1024.2,7491.6,127.7,77,,1
1025.0,7497.5,130.5,76,,1
1025.8,7503.5,130.5,76,,1
1026.6,7509.6,130.4,76,,1
1027.3,7515.6,130.4,76,,1
1028.1,7521.7,130.0,77,,1
1028.9,7527.7,129.6,77,,1
1029.7,7533.7,129.6,77,,1
1030.5,7539.9,129.6,77,,1
1031.2,7546.0,129.2,78,,1
1032.0,7552.0,129.2,78,,1
1032.7,7557.9,127.2,79,,1
1033.5,7564.1,127.2,79,,1
1034.3,7570.1,126.8,78,,1
1035.1,7576.0,126.8,78,,1
1035.9,7582.1,131.2,75,,1
1036.7,7588.1,131.2,75,,1
1037.5,7594.2,134.9,74,,1
1038.4,7600.3,134.9,74,,1
1039.2,7606.4,135.5,74,,1
1040.0,7612.4,135.5,74,,1
1040.8,7618.4,135.6,74,,1
1041.6,7624.5,135.6,74,,1
1042.4,7630.5,135.2,74,,1
1043.2,7636.4,135.2,74,,1
1044.0,7642.6,133.0,76,,1
1044.8,7648.5,133.0,76,,1
1045.6,7654.7,132.3,76,,1
1046.4,7660.7,131.8,76,,1
1047.2,7666.6,131.8,76,,1
1048.0,7672.8,131.8,76,,1
1048.8,7678.7,131.8,76,,1
1049.6,7684.8,131.8,76,,1
1050.3,7690.8,131.8,77,,1
1051.1,7697.0,131.8,77,,1
1051.9,7703.0,128.4,78,,1
1052.7,7709.1,128.4,78,,1
1053.4,7715.0,128.7,77,,1
1054.2,7721.0,128.7,77,,1
1055.0,7727.0,128.8,77,,1
1055.8,7733.2,128.8,77,,1
1056.6,7739.3,129.1,78,,1
1057.3,7745.2,129.1,78,,1
1058.1,7751.3,128.0,78,,1
1058.9,7757.4,128.0,78,,1
1059.6,7763.3,128.6,77,,1
1060.4,7769.5,128.6,77,,1
1061.2,7775.4,129.1,77,,1
1062.0,7781.4,129.1,77,,1
1062.7,7787.5,129.0,77,,1
1063.5,7793.5,129.0,77,,1
1064.3,7799.7,127.9,78,,1
1065.0,7805.7,127.9,78,,1
1065.8,7811.7,125.7,80,,1
1066.5,7817.7,125.7,80,,1
1067.2,7823.7,122.8,82,,1
1068.0,7829.9,122.8,82,,1
1068.7,7835.9,120.5,83,,1
1069.4,7841.8,120.7,81,,1
1070.1,7847.9,120.7,81,,1
1070.9,7853.9,125.1,78,,1
1071.7,7860.1,125.1,78,,1
1072.5,7866.0,125.1,78,,1
1073.3,7872.2,129.1,76,,1
1074.1,7878.1,129.1,76,,1
1074.9,7884.2,132.5,75,,1
1075.6,7890.2,132.6,75,,1
1076.5,7896.3,132.6,75,,1
1077.3,7902.5,132.6,75,,1
1078.1,7908.4,132.9,75,,1
1078.8,7914.3,132.9,75,,1
1079.6,7920.4,131.8,76,,1
1080.4,7926.4,130.2,77,,1
1081.2,7932.4,130.2,77,,1
1082.0,7938.6,130.2,77,,1
1082.7,7944.5,128.3,78,,1
1083.5,7950.7,128.3,78,,1
1084.2,7956.6,127.6,79,,1
1085.0,7962.6,127.6,79,,1
1085.8,7968.8,126.0,79,,1
1086.5,7974.9,126.0,79,,1
1087.2,7980.8,125.1,81,,1
1088.0,7986.9,125.1,81,,1
1088.7,7992.8,123.0,81,,1
1089.5,7998.9,123.0,81,,1
1090.3,8005.1,124.9,79,,1
1091.0,8011.1,124.9,79,,1
1091.8,8017.1,128.3,77,,1
1092.6,8023.1,128.3,77,,1
1093.4,8029.1,129.4,78,,1
1094.1,8035.3,127.7,79,,1
1094.9,8041.2,127.7,79,,1
1095.7,8047.3,127.7,79,,1
1096.4,8053.4,127.1,79,,1
1097.2,8059.3,127.1,79,,1
1097.9,8065.3,126.6,79,,1
1098.7,8071.4,126.6,79,,1
1099.4,8077.4,124.7,81,,1
1100.2,8083.6,124.7,81,,1
1100.9,8089.6,123.2,81,,1
1101.7,8095.6,123.4,81,,1
1102.4,8101.6,123.4,81,,1
1103.2,8107.8,123.6,81,,1
1103.9,8113.7,123.6,81,,1
1104.6,8119.7,123.6,81,,1
1105.3,8125.8,120.5,84,,1
1106.0,8131.8,120.5,84,,1
1106.8,8138.0,119.0,83,,1
1107.5,8144.0,119.0,83,,1
1108.3,8150.1,122.8,80,,1
1109.0,8156.0,122.8,80,,1
1109.8,8162.0,126.7,78,,1
1110.6,8168.2,126.7,78,,1
1111.4,8174.2,128.8,77,,1
1112.1,8180.3,129.1,77,,1
1112.9,8186.3,129.1,77,,1
1113.7,8192.2,129.1,77,,1
1114.5,8198.3,129.1,77,,1
1115.2,8204.3,129.1,77,,1
1116.0,8210.3,129.1,77,,1
1116.8,8216.5,129.1,77,,1
1117.6,8222.5,128.9,77,,1
1118.4,8228.6,128.9,77,,1
1119.1,8234.6,129.0,77,,1
1119.9,8240.5,129.2,77,,1
1120.7,8246.6,129.2,77,,1
1121.5,8252.7,129.2,77,,1
1122.2,8258.8,128.3,77,,1
1123.0,8264.8,128.3,77,,1
1123.8,8270.7,129.0,77,,1
1124.6,8276.8,129.0,77,,1
1125.3,8282.8,129.3,77,,1
1126.1,8288.9,129.3,77,,1
1126.9,8295.0,129.3,77,,1
1127.7,8301.0,127.9,78,,1
1128.4,8307.0,127.9,78,,1
1129.2,8313.0,127.9,78,,1
1130.0,8319.2,128.8,77,,1
1130.8,8325.2,128.8,77,,1
1131.5,8331.3,128.9,77,,1
1132.3,8337.3,128.9,77,,1
1133.1,8343.2,129.4,77,,1
1133.9,8349.3,129.4,77,,1
1134.7,8355.4,128.8,78,,1
1135.4,8361.5,128.8,78,,1
1136.2,8367.4,127.9,78,,1
1137.0,8373.6,127.9,78,,1
1137.7,8379.5,127.1,78,,1
1138.5,8385.5,127.1,78,,1
1139.3,8391.7,129.4,76,,1
1140.1,8397.6,129.4,76,,1
1140.9,8403.8,131.6,75,,1
1141.7,8409.7,131.6,75,,1
1142.5,8415.7,133.4,75,,1
1143.3,8421.8,133.4,75,,1
1144.1,8427.9,133.6,75,,1
1144.9,8433.9,132.9,76,,1
1145.7,8439.9,132.9,76,,1
1146.5,8446.1,132.9,76,,1
1147.3,8452.1,131.0,77,,1
1148.0,8458.1,131.0,77,,1
1148.8,8464.1,129.5,78,,1
1149.6,8470.2,129.5,78,,1
1150.4,8476.4,128.0,79,,1
1151.1,8482.2,128.0,79,,1
1151.9,8488.3,127.8,78,,1
1152.7,8494.3,127.8,78,,1
1153.5,8500.4,129.7,76,,1
1154.3,8506.5,129.7,76,,1
1155.1,8512.5,134.4,73,,1
1156.0,8518.6,134.4,73,,1
1156.8,8524.6,139.1,71,,1
1157.6,8530.5,139.8,72,,1
1158.5,8536.5,139.8,72,,1
1159.3,8542.6,139.8,72,,1
1160.2,8548.8,139.1,72,,1
1161.0,8554.7,139.1,72,,1
1161.8,8560.7,137.7,73,,1
1162.6,8566.9,136.2,74,,1
1163.5,8572.9,136.2,74,,1
1164.3,8579.0,136.2,74,,1
1165.1,8584.9,134.8,74,,1
1165.9,8590.9,134.8,74,,1
1166.7,8597.0,134.7,74,,1
1167.5,8603.0,134.7,74,,1
1168.3,8609.0,134.7,74,,1
1169.1,8615.1,134.7,74,,1
1169.9,8621.1,134.3,74,,1
1170.7,8627.2,134.3,74,,1
1171.5,8633.2,135.0,73,,1
1172.4,8639.4,135.0,73,,1
1173.2,8645.4,134.6,75,,1
1174.0,8651.3,134.6,75,,1
1174.8,8657.4,133.1,74,,1
1175.6,8663.4,133.1,74,,1
1176.4,8669.5,134.3,73,,1
1177.2,8675.5,134.3,73,,1
1178.0,8681.7,135.4,73,,1
1178.9,8687.6,135.4,73,,1
1179.7,8693.6,136.8,72,,1
1180.5,8699.8,136.8,72,,1
1181.3,8705.7,137.1,72,,1
1182.1,8711.7,136.3,73,,1
1183.0,8717.8,136.3,73,,1
1183.8,8723.8,136.3,73,,1
1184.6,8729.9,135.2,73,,1
1185.4,8735.9,135.1,73,,1
1186.2,8742.1,135.1,73,,1
1187.0,8748.1,135.1,73,,1
1187.9,8754.0,135.6,73,,1
1188.7,8760.1,135.6,73,,1
1189.5,8766.1,136.1,73,,1
1190.3,8772.3,136.1,73,,1
1191.1,8778.3,135.8,73,,1
1191.9,8784.4,135.8,73,,1
1192.8,8790.4,135.0,74,,1
1193.6,8796.4,135.0,74,,1
1194.4,8802.5,134.9,74,,1
1195.2,8808.4,134.9,74,,1
1196.0,8814.4,134.6,74,,1
1196.8,8820.5,134.6,74,,1
1197.6,8826.5,134.1,74,,1
1198.5,8832.6,134.1,74,,1
1199.4,8838.6,138.2,69,,1
