t_s,timestamp,distance_m,speed_m_s,pace_s_per_km,hr,elev_m,cadence_spm,power_w,gap_speed_m_s,temp_c
0.0,2026-09-21T18:29:47+00:00,0.0,,,68.0,128.60000610351562,,,,30.0
1.0,2026-09-21T18:29:48+00:00,0.0,,,72.0,128.60000610351562,,,,30.0
2.0,2026-09-21T18:29:49+00:00,0.0,,,77.0,128.60000610351562,,,,30.0
5.0,2026-09-21T18:29:52+00:00,5.789999961853027,1.1579999923706055,863.5578640659962,80.0,128.60000610351562,30.0,,,30.0
11.0,2026-09-21T18:29:58+00:00,14.0600004196167,1.378000020980835,725.6893938856535,80.0,129.1999969482422,70.0,,,30.0
17.0,2026-09-21T18:30:04+00:00,25.540000915527344,1.9129999876022339,522.7391565503386,79.0,129.39999389648438,75.0,,,30.0
23.0,2026-09-21T18:30:10+00:00,37.150001525878906,1.934999942779541,516.7958809153993,80.0,129.1999969482422,74.0,,,30.0
29.0,2026-09-21T18:30:16+00:00,48.689998626708984,1.9229999780654907,520.0208067635991,82.0,129.1999969482422,74.0,,,30.0
34.0,2026-09-21T18:30:21+00:00,58.369998931884766,1.9359999895095825,516.5289284187005,85.0,129.1999969482422,75.0,,,30.0
37.0,2026-09-21T18:30:24+00:00,64.22000122070312,1.9500000476837158,512.8205002804169,88.0,129.39999389648438,75.0,,,30.0
40.0,2026-09-21T18:30:27+00:00,70.11000061035156,1.9630000591278076,509.42433513950886,91.0,129.39999389648438,76.0,,,30.0
45.0,2026-09-21T18:30:32+00:00,80.80000305175781,2.138000011444092,467.72684501744203,96.0,129.39999389648438,76.0,,,30.0
50.0,2026-09-21T18:30:37+00:00,91.80000305175781,2.200000047683716,454.54544469344734,99.0,129.1999969482422,77.0,,,30.0
54.0,2026-09-21T18:30:41+00:00,100.37000274658203,2.1419999599456787,466.8534167598024,96.0,129.1999969482422,77.0,,,30.0
56.0,2026-09-21T18:30:43+00:00,104.38999938964844,2.009999990463257,497.51244017146684,93.0,129.39999389648438,76.0,,,30.0
59.0,2026-09-21T18:30:46+00:00,110.33000183105469,1.9800000190734863,505.05050018531625,97.0,129.39999389648438,76.0,,,30.0
65.0,2026-09-21T18:30:52+00:00,122.9800033569336,2.1080000400543213,474.38329269397497,100.0,129.39999389648438,76.0,,,30.0
66.0,2026-09-21T18:30:53+00:00,125.16999816894531,2.190000057220459,456.62099263558775,104.0,129.39999389648438,76.0,,,30.0
72.0,2026-09-21T18:30:59+00:00,138.75999450683594,2.265000104904175,441.5010833045003,106.0,129.39999389648438,76.0,,,30.0
78.0,2026-09-21T18:31:05+00:00,152.85000610351562,2.3480000495910645,425.8943691990822,108.0,129.60000610351562,77.0,,,30.0
83.0,2026-09-21T18:31:10+00:00,164.77999877929688,2.385999917984009,419.1114980611253,112.0,129.39999389648438,76.0,,,30.0
89.0,2026-09-21T18:31:16+00:00,179.9600067138672,2.5299999713897705,395.2569214657673,115.0,129.60000610351562,77.0,,,30.0
90.0,2026-09-21T18:31:17+00:00,182.58999633789062,2.630000114440918,380.22812033701325,119.0,129.60000610351562,77.0,,,30.0
91.0,2026-09-21T18:31:18+00:00,185.22999572753906,2.640000104904175,378.7878637362014,119.0,129.60000610351562,78.0,,,30.0
95.0,2026-09-21T18:31:22+00:00,196.05999755859375,2.7079999446868896,369.27622615428976,122.0,129.60000610351562,79.0,,,30.0
98.0,2026-09-21T18:31:25+00:00,204.5,2.812999963760376,355.4923614941022,125.0,129.8000030517578,80.0,,,30.0
102.0,2026-09-21T18:31:29+00:00,215.4499969482422,2.736999988555908,365.3635382467131,128.0,129.60000610351562,79.0,,,30.0
108.0,2026-09-21T18:31:35+00:00,230.36000061035156,2.484999895095825,402.41450390944124,130.0,129.39999389648438,77.0,,,30.0
114.0,2026-09-21T18:31:41+00:00,244.2100067138672,2.308000087738037,433.27554678737175,128.0,129.60000610351562,77.0,,,30.0
120.0,2026-09-21T18:31:47+00:00,258.1199951171875,2.318000078201294,431.40637026033806,125.0,129.60000610351562,78.0,,,30.0
126.0,2026-09-21T18:31:53+00:00,272.4599914550781,2.390000104904175,418.4100234757497,123.0,129.60000610351562,77.0,,,30.0
132.0,2026-09-21T18:31:59+00:00,287.010009765625,2.424999952316284,412.3711421292323,124.0,129.60000610351562,78.0,,,30.0
138.0,2026-09-21T18:32:05+00:00,301.8900146484375,2.4800000190734863,403.2258033504347,124.0,130.0,78.0,,,30.0
144.0,2026-09-21T18:32:11+00:00,316.1300048828125,2.372999906539917,421.40751765056115,123.0,129.8000030517578,77.0,,,30.0
150.0,2026-09-21T18:32:17+00:00,330.989990234375,2.4769999980926514,403.7141706782494,122.0,129.8000030517578,77.0,,,30.0
156.0,2026-09-21T18:32:23+00:00,346.0899963378906,2.5169999599456787,397.2983773990929,122.0,129.60000610351562,77.0,,,30.0
162.0,2026-09-21T18:32:29+00:00,360.5400085449219,2.4079999923706055,415.2823933423394,120.0,129.39999389648438,77.0,,,30.0
168.0,2026-09-21T18:32:35+00:00,375.04998779296875,2.4179999828338623,413.5649326299887,119.0,129.39999389648438,78.0,,,30.0
174.0,2026-09-21T18:32:41+00:00,389.70001220703125,2.441999912261963,409.5004242132528,119.0,129.39999389648438,78.0,,,29.0
180.0,2026-09-21T18:32:47+00:00,404.1000061035156,2.4000000953674316,416.66665010982155,119.0,129.60000610351562,77.0,,,29.0
186.0,2026-09-21T18:32:53+00:00,418.67999267578125,2.430000066757202,411.52262243946547,120.0,129.39999389648438,76.0,,,29.0
192.0,2026-09-21T18:32:59+00:00,433.1600036621094,2.4130001068115234,414.42186313094464,121.0,129.60000610351562,77.0,,,29.0
198.0,2026-09-21T18:33:05+00:00,446.8500061035156,2.2820000648498535,438.2120822007058,120.0,129.0,77.0,,,29.0
204.0,2026-09-21T18:33:11+00:00,460.95001220703125,2.3499999046325684,425.5319321625053,121.0,129.1999969482422,78.0,,,29.0
210.0,2026-09-21T18:33:17+00:00,475.2200012207031,2.378000020980835,420.5214428835614,121.0,129.1999969482422,78.0,,,29.0
216.0,2026-09-21T18:33:23+00:00,489.1700134277344,2.325000047683716,430.10751806059153,122.0,129.0,78.0,,,29.0
222.0,2026-09-21T18:33:29+00:00,503.55999755859375,2.3980000019073486,417.0141781503789,123.0,129.39999389648438,78.0,,,29.0
228.0,2026-09-21T18:33:35+00:00,518.0399780273438,2.4130001068115234,414.42186313094464,124.0,129.39999389648438,78.0,,,29.0
234.0,2026-09-21T18:33:41+00:00,532.8699951171875,2.4719998836517334,404.53076337639686,123.0,129.39999389648438,78.0,,,29.0
240.0,2026-09-21T18:33:47+00:00,547.7100219726562,2.4730000495910645,404.36715727739676,121.0,129.1999969482422,78.0,,,29.0
246.0,2026-09-21T18:33:53+00:00,562.3499755859375,2.440000057220459,409.83605596270195,122.0,129.39999389648438,78.0,,,29.0
250.0,2026-09-21T18:33:57+00:00,571.780029296875,2.3580000400543213,424.0882031439503,118.0,129.1999969482422,79.0,,,29.0
253.0,2026-09-21T18:34:00+00:00,578.7899780273438,2.3369998931884766,427.89903538919464,115.0,129.1999969482422,79.0,,,29.0
256.0,2026-09-21T18:34:03+00:00,585.9299926757812,2.380000114440918,420.1680470233542,112.0,129.1999969482422,79.0,,,29.0
259.0,2026-09-21T18:34:06+00:00,593.2899780273438,2.453000068664551,407.66407338276787,117.0,129.39999389648438,78.0,,,29.0
260.0,2026-09-21T18:34:07+00:00,595.8699951171875,2.5799999237060547,387.59691068654945,117.0,129.39999389648438,78.0,,,29.0
266.0,2026-09-21T18:34:13+00:00,611.1799926757812,2.552000045776367,391.84952275178387,122.0,129.39999389648438,79.0,,,29.0
272.0,2026-09-21T18:34:19+00:00,625.8099975585938,2.437999963760376,410.1722784513901,124.0,129.0,77.0,,,29.0
278.0,2026-09-21T18:34:25+00:00,640.6199951171875,2.4679999351501465,405.1863963842295,126.0,129.39999389648438,77.0,,,29.0
284.0,2026-09-21T18:34:31+00:00,655.4600219726562,2.4730000495910645,404.36715727739676,123.0,129.1999969482422,77.0,,,29.0
290.0,2026-09-21T18:34:37+00:00,670.0,2.4230000972747803,412.71149808236885,121.0,129.1999969482422,77.0,,,29.0
296.0,2026-09-21T18:34:43+00:00,684.5599975585938,2.427000045776367,412.0313066084481,121.0,129.0,77.0,,,29.0
302.0,2026-09-21T18:34:49+00:00,699.1900024414062,2.437999963760376,410.1722784513901,122.0,129.0,78.0,,,29.0
308.0,2026-09-21T18:34:55+00:00,713.8099975585938,2.437000036239624,410.3405765816216,122.0,129.1999969482422,78.0,,,29.0
314.0,2026-09-21T18:35:01+00:00,728.1799926757812,2.3949999809265137,417.5365377719739,122.0,129.0,78.0,,,29.0
320.0,2026-09-21T18:35:07+00:00,743.1400146484375,2.493000030517578,401.1231398951838,122.0,129.1999969482422,79.0,,,29.0
321.0,2026-09-21T18:35:08+00:00,745.6300048828125,2.490000009536743,401.6064241646517,122.0,129.1999969482422,79.0,,,29.0
327.0,2026-09-21T18:35:14+00:00,760.5800170898438,2.492000102996826,401.284092563809,123.0,129.0,79.0,,,29.0
333.0,2026-09-21T18:35:20+00:00,775.8300170898438,2.5420000553131104,393.39102212443703,125.0,129.0,78.0,,,29.0
337.0,2026-09-21T18:35:24+00:00,786.1300048828125,2.575000047683716,388.3495073716709,128.0,129.1999969482422,78.0,,,29.0
343.0,2026-09-21T18:35:30+00:00,800.5599975585938,2.4049999713897705,415.80042074683803,129.0,128.8000030517578,77.0,,,29.0
348.0,2026-09-21T18:35:35+00:00,812.1599731445312,2.319999933242798,431.03449516149004,126.0,128.8000030517578,77.0,,,29.0
354.0,2026-09-21T18:35:41+00:00,826.0900268554688,2.322000026702881,430.6632164082909,126.0,129.0,77.0,,,29.0
360.0,2026-09-21T18:35:47+00:00,840.0700073242188,2.3299999237060547,429.1845634095209,124.0,129.0,78.0,,,29.0
366.0,2026-09-21T18:35:53+00:00,854.0700073242188,2.3329999446868896,428.6326719712843,125.0,128.60000610351562,77.0,,,29.0
372.0,2026-09-21T18:35:59+00:00,868.530029296875,2.4100000858306885,414.93774455834347,124.0,128.8000030517578,77.0,,,29.0
378.0,2026-09-21T18:36:05+00:00,883.4099731445312,2.4800000190734863,403.2258033504347,126.0,128.39999389648438,77.0,,,29.0
384.0,2026-09-21T18:36:11+00:00,898.25,2.4730000495910645,404.36715727739676,127.0,128.60000610351562,77.0,,,29.0
388.0,2026-09-21T18:36:15+00:00,908.5499877929688,2.575000047683716,388.3495073716709,130.0,128.1999969482422,79.0,,,29.0
394.0,2026-09-21T18:36:21+00:00,924.1799926757812,2.6050000190734863,383.8771564983203,132.0,128.0,80.0,,,29.0
400.0,2026-09-21T18:36:27+00:00,939.0800170898438,2.4830000400543213,402.73861613716394,131.0,128.1999969482422,78.0,,,29.0
406.0,2026-09-21T18:36:33+00:00,953.719970703125,2.440000057220459,409.83605596270195,129.0,128.0,79.0,,,29.0
412.0,2026-09-21T18:36:39+00:00,968.5399780273438,2.4700000286102295,404.8582949056321,128.0,128.0,79.0,,,29.0
418.0,2026-09-21T18:36:45+00:00,983.5,2.493000030517578,401.1231398951838,128.0,127.80000305175781,79.0,,,29.0
424.0,2026-09-21T18:36:51+00:00,998.3900146484375,2.4820001125335693,402.9008681144751,129.0,128.0,78.0,,,29.0
428.0,2026-09-21T18:36:55+00:00,1008.1599731445312,2.441999912261963,409.5004242132528,128.0,127.5999984741211,78.0,,,29.0
434.0,2026-09-21T18:37:01+00:00,1023.2899780273438,2.5220000743865967,396.5106940939409,128.0,127.4000015258789,79.0,,,28.0
440.0,2026-09-21T18:37:07+00:00,1038.1800537109375,2.4820001125335693,402.9008681144751,127.0,127.4000015258789,80.0,,,28.0
446.0,2026-09-21T18:37:13+00:00,1052.6500244140625,2.4119999408721924,414.5937083391447,126.0,127.4000015258789,78.0,,,28.0
452.0,2026-09-21T18:37:19+00:00,1067.1700439453125,2.4200000762939453,413.2231274684204,125.0,127.0,78.0,,,28.0
458.0,2026-09-21T18:37:25+00:00,1081.6500244140625,2.4130001068115234,414.42186313094464,123.0,127.0,77.0,,,28.0
464.0,2026-09-21T18:37:31+00:00,1096.1800537109375,2.421999931335449,412.8819274774369,125.0,126.80000305175781,78.0,,,28.0
470.0,2026-09-21T18:37:37+00:00,1110.81005859375,2.437999963760376,410.1722784513901,127.0,127.0,77.0,,,28.0
476.0,2026-09-21T18:37:43+00:00,1125.5899658203125,2.4630000591278076,406.0089224496884,128.0,126.80000305175781,79.0,,,28.0
482.0,2026-09-21T18:37:49+00:00,1140.81005859375,2.5369999408721924,394.1663473812345,129.0,126.80000305175781,80.0,,,28.0
484.0,2026-09-21T18:37:51+00:00,1146.1199951171875,2.6549999713897705,376.64783833370285,130.0,126.5999984741211,81.0,,,28.0
490.0,2026-09-21T18:37:57+00:00,1161.3900146484375,2.5450000762939453,392.9272966687726,131.0,126.4000015258789,79.0,,,28.0
493.0,2026-09-21T18:38:00+00:00,1168.3699951171875,2.3269999027252197,429.7378778696423,128.0,126.4000015258789,78.0,,,28.0
497.0,2026-09-21T18:38:04+00:00,1177.4599609375,2.2720000743865967,440.1408306599567,125.0,126.4000015258789,78.0,,,28.0
500.0,2026-09-21T18:38:07+00:00,1184.219970703125,2.253000020980835,443.85263678988065,122.0,126.4000015258789,78.0,,,28.0
502.0,2026-09-21T18:38:09+00:00,1188.77001953125,2.2750000953674316,439.5604211341765,118.0,126.4000015258789,78.0,,,28.0
508.0,2026-09-21T18:38:15+00:00,1202.5799560546875,2.302000045776367,434.4048566961441,118.0,126.4000015258789,77.0,,,28.0
510.0,2026-09-21T18:38:17+00:00,1207.27001953125,2.3450000286102295,426.4392272065995,114.0,126.4000015258789,77.0,,,28.0
512.0,2026-09-21T18:38:19+00:00,1211.9100341796875,2.319999933242798,431.03449516149004,117.0,126.19999694824219,78.0,,,28.0
513.0,2026-09-21T18:38:20+00:00,1214.280029296875,2.369999885559082,421.9409486444344,120.0,126.19999694824219,78.0,,,28.0
515.0,2026-09-21T18:38:22+00:00,1219.1099853515625,2.4149999618530273,414.07868148896404,123.0,126.19999694824219,78.0,,,28.0
518.0,2026-09-21T18:38:25+00:00,1226.4200439453125,2.437000036239624,410.3405765816216,126.0,126.19999694824219,78.0,,,28.0
524.0,2026-09-21T18:38:31+00:00,1241.1400146484375,2.453000068664551,407.66407338276787,129.0,126.19999694824219,78.0,,,28.0
530.0,2026-09-21T18:38:37+00:00,1256.75,2.6019999980926514,384.319754317076,130.0,126.0,79.0,,,28.0
535.0,2026-09-21T18:38:42+00:00,1269.7900390625,2.6080000400543213,383.43557693318564,131.0,126.19999694824219,79.0,,,28.0
538.0,2026-09-21T18:38:45+00:00,1277.6600341796875,2.622999906539917,381.2428652805909,134.0,126.0,80.0,,,28.0
544.0,2026-09-21T18:38:51+00:00,1293.719970703125,2.677000045776367,373.5524777363185,135.0,125.80000305175781,80.0,,,28.0
550.0,2026-09-21T18:38:57+00:00,1309.9200439453125,2.700000047683716,370.37036382939436,136.0,125.80000305175781,80.0,,,28.0
556.0,2026-09-21T18:39:03+00:00,1326.4599609375,2.756999969482422,362.713097957608,138.0,125.80000305175781,81.0,,,28.0
557.0,2026-09-21T18:39:04+00:00,1329.3199462890625,2.859999895095825,349.6503624754485,139.0,125.4000015258789,81.0,,,28.0
561.0,2026-09-21T18:39:08+00:00,1341.010009765625,2.9230000972747803,342.114254779648,142.0,125.4000015258789,83.0,,,28.0
567.0,2026-09-21T18:39:14+00:00,1357.5999755859375,2.765000104904175,361.66363908136503,144.0,125.5999984741211,80.0,,,28.0
573.0,2026-09-21T18:39:20+00:00,1371.75,2.3580000400543213,424.0882031439503,143.0,125.5999984741211,77.0,,,28.0
578.0,2026-09-21T18:39:25+00:00,1383.510009765625,2.3519999980926514,425.1700683720015,140.0,125.4000015258789,78.0,,,28.0
581.0,2026-09-21T18:39:28+00:00,1390.68994140625,2.3929998874664307,417.8855190247175,137.0,125.4000015258789,78.0,,,28.0
586.0,2026-09-21T18:39:33+00:00,1402.1099853515625,2.2839999198913574,437.8283866347801,133.0,125.4000015258789,77.0,,,28.0
592.0,2026-09-21T18:39:39+00:00,1414.3299560546875,2.0369999408721924,490.91803094104415,131.0,125.4000015258789,77.0,,,28.0
598.0,2026-09-21T18:39:45+00:00,1426.3499755859375,2.003000020980835,499.25111808551907,129.0,125.80000305175781,77.0,,,28.0
604.0,2026-09-21T18:39:51+00:00,1439.5,2.191999912261963,456.2043978222985,127.0,125.4000015258789,79.0,,,28.0
610.0,2026-09-21T18:39:57+00:00,1454.239990234375,2.4570000171661377,407.00040415684776,126.0,125.4000015258789,78.0,,,28.0
616.0,2026-09-21T18:40:03+00:00,1469.260009765625,2.503000020980835,399.520571960737,128.0,125.19999694824219,78.0,,,28.0
622.0,2026-09-21T18:40:09+00:00,1484.1400146484375,2.4800000190734863,403.2258033504347,129.0,125.4000015258789,78.0,,,28.0
626.0,2026-09-21T18:40:13+00:00,1492.9300537109375,2.197999954223633,454.95906316031534,126.0,125.4000015258789,77.0,,,28.0
632.0,2026-09-21T18:40:19+00:00,1504.9000244140625,1.9950000047683716,501.25313163400443,125.0,125.4000015258789,77.0,,,28.0
638.0,2026-09-21T18:40:25+00:00,1517.6700439453125,2.128000020980835,469.92480739689154,124.0,125.19999694824219,78.0,,,28.0
644.0,2026-09-21T18:40:31+00:00,1531.199951171875,2.255000114440918,443.4589575388691,124.0,125.4000015258789,78.0,,,28.0
650.0,2026-09-21T18:40:37+00:00,1545.0799560546875,2.312999963760376,432.3389605135328,126.0,125.19999694824219,78.0,,,27.0
656.0,2026-09-21T18:40:43+00:00,1558.8800048828125,2.299999952316284,434.78261770958727,124.0,125.19999694824219,77.0,,,27.0
662.0,2026-09-21T18:40:49+00:00,1573.0699462890625,2.365000009536743,422.8329792674632,125.0,125.0,77.0,,,27.0
668.0,2026-09-21T18:40:55+00:00,1587.72998046875,2.443000078201294,409.3327744533964,124.0,125.19999694824219,78.0,,,27.0
674.0,2026-09-21T18:41:01+00:00,1602.739990234375,2.502000093460083,399.6802408656481,125.0,125.0,78.0,,,27.0
680.0,2026-09-21T18:41:07+00:00,1617.27001953125,2.421999931335449,412.8819274774369,125.0,125.0,78.0,,,27.0
686.0,2026-09-21T18:41:13+00:00,1632.4200439453125,2.5250000953674316,396.039589002266,126.0,125.0,79.0,,,27.0
692.0,2026-09-21T18:41:19+00:00,1647.6500244140625,2.5380001068115234,394.01101572698315,127.0,124.5999984741211,79.0,,,27.0
698.0,2026-09-21T18:41:25+00:00,1661.5,2.308000087738037,433.27554678737175,128.0,124.80000305175781,77.0,,,27.0
704.0,2026-09-21T18:41:31+00:00,1673.31005859375,1.968000054359436,508.1300672654147,127.0,125.0,76.0,,,27.0
709.0,2026-09-21T18:41:36+00:00,1683.260009765625,1.9900000095367432,502.5125604058627,124.0,125.0,77.0,,,27.0
715.0,2026-09-21T18:41:42+00:00,1696.3399658203125,2.180000066757202,458.7155822832253,125.0,124.5999984741211,78.0,,,27.0
721.0,2026-09-21T18:41:48+00:00,1710.199951171875,2.309999942779541,432.9004436237065,125.0,124.80000305175781,78.0,,,27.0
727.0,2026-09-21T18:41:54+00:00,1724.4000244140625,2.367000102996826,422.47568926334804,125.0,124.80000305175781,78.0,,,27.0
733.0,2026-09-21T18:42:00+00:00,1738.800048828125,2.4000000953674316,416.66665010982155,124.0,124.5999984741211,78.0,,,27.0
739.0,2026-09-21T18:42:06+00:00,1753.2900390625,2.4149999618530273,414.07868148896404,125.0,124.5999984741211,79.0,,,27.0
745.0,2026-09-21T18:42:12+00:00,1768.0799560546875,2.4649999141693115,405.6795273102447,126.0,124.5999984741211,79.0,,,27.0
747.0,2026-09-21T18:42:14+00:00,1773.0400390625,2.4800000190734863,403.2258033504347,126.0,124.4000015258789,79.0,,,27.0
753.0,2026-09-21T18:42:20+00:00,1787.989990234375,2.492000102996826,401.284092563809,127.0,124.19999694824219,79.0,,,27.0
759.0,2026-09-21T18:42:26+00:00,1802.9599609375,2.494999885559082,400.80162159042305,127.0,124.4000015258789,79.0,,,27.0
765.0,2026-09-21T18:42:32+00:00,1817.6099853515625,2.441999912261963,409.5004242132528,128.0,124.19999694824219,79.0,,,27.0
771.0,2026-09-21T18:42:38+00:00,1831.9100341796875,2.382999897003174,419.63912850251717,129.0,124.19999694824219,77.0,,,27.0
777.0,2026-09-21T18:42:44+00:00,1843.8900146484375,1.996999979019165,500.75113195101494,127.0,124.19999694824219,76.0,,,27.0
783.0,2026-09-21T18:42:50+00:00,1855.6800537109375,1.965000033378601,508.9058437727404,124.0,124.0,76.0,,,27.0
789.0,2026-09-21T18:42:56+00:00,1867.5799560546875,1.9830000400543213,504.28642450890044,123.0,124.19999694824219,76.0,,,27.0
793.0,2026-09-21T18:43:00+00:00,1875.4200439453125,1.9600000381469727,510.2040717026833,126.0,124.0,76.0,,,27.0
798.0,2026-09-21T18:43:05+00:00,1885.2900390625,1.9739999771118164,506.58561884236303,123.0,124.0,76.0,,,27.0
804.0,2026-09-21T18:43:11+00:00,1898.3499755859375,2.177000045776367,459.3477165699266,123.0,124.0,78.0,,,27.0
810.0,2026-09-21T18:43:17+00:00,1911.9100341796875,2.259999990463257,442.4778779733619,125.0,124.0,78.0,,,27.0
816.0,2026-09-21T18:43:23+00:00,1925.97998046875,2.3450000286102295,426.4392272065995,122.0,124.0,78.0,,,27.0
822.0,2026-09-21T18:43:29+00:00,1940.300048828125,2.38700008392334,418.93588807771306,124.0,123.80000305175781,78.0,,,27.0
828.0,2026-09-21T18:43:35+00:00,1954.300048828125,2.3329999446868896,428.6326719712843,122.0,123.80000305175781,77.0,,,27.0
834.0,2026-09-21T18:43:41+00:00,1966.8399658203125,2.0899999141693115,478.46891917096497,121.0,123.5999984741211,76.0,,,27.0
840.0,2026-09-21T18:43:47+00:00,1979.18994140625,2.058000087738037,485.90862845837256,119.0,123.80000305175781,77.0,,,27.0
846.0,2026-09-21T18:43:53+00:00,1991.8699951171875,2.11299991607666,473.260785479236,118.0,124.19999694824219,77.0,,,27.0
849.0,2026-09-21T18:43:56+00:00,1997.81005859375,1.9800000190734863,505.05050018531625,122.0,124.19999694824219,76.0,,,27.0
855.0,2026-09-21T18:44:02+00:00,2009.780029296875,1.9950000047683716,501.25313163400443,125.0,123.80000305175781,77.0,,,27.0
857.0,2026-09-21T18:44:04+00:00,2013.8599853515625,2.0399999618530273,490.19608759779254,117.0,123.80000305175781,77.0,,,27.0
863.0,2026-09-21T18:44:10+00:00,2025.97998046875,2.0199999809265137,495.0495096249109,116.0,123.80000305175781,78.0,,,27.0
869.0,2026-09-21T18:44:16+00:00,2038.5999755859375,2.1029999256134033,475.5111913322203,118.0,124.0,78.0,,,27.0
875.0,2026-09-21T18:44:22+00:00,2051.39990234375,2.132999897003174,468.8232762715938,118.0,123.80000305175781,76.0,,,27.0
879.0,2026-09-21T18:44:26+00:00,2060.139892578125,2.184999942779541,457.6659158754479,121.0,123.80000305175781,77.0,,,27.0
885.0,2026-09-21T18:44:32+00:00,2073.780029296875,2.2730000019073486,439.94720596606567,121.0,124.0,77.0,,,27.0
886.0,2026-09-21T18:44:33+00:00,2076.010009765625,2.2300000190734863,448.430489438057,118.0,124.0,77.0,,,27.0
892.0,2026-09-21T18:44:39+00:00,2088.659912109375,2.1080000400543213,474.38329269397497,120.0,123.80000305175781,77.0,,,27.0
895.0,2026-09-21T18:44:42+00:00,2094.780029296875,2.0399999618530273,490.19608759779254,120.0,123.4000015258789,77.0,,,27.0
901.0,2026-09-21T18:44:48+00:00,2107.64990234375,2.1449999809265137,466.20047034595257,121.0,123.5999984741211,77.0,,,27.0
907.0,2026-09-21T18:44:54+00:00,2120.77001953125,2.187000036239624,457.2473632508127,119.0,123.80000305175781,78.0,,,27.0
913.0,2026-09-21T18:45:00+00:00,2134.300048828125,2.255000114440918,443.4589575388691,119.0,123.80000305175781,78.0,,,27.0
919.0,2026-09-21T18:45:06+00:00,2148.0,2.2829999923706055,438.0201503906389,119.0,124.0,78.0,,,27.0
925.0,2026-09-21T18:45:12+00:00,2161.31005859375,2.2179999351501465,450.85664077456585,118.0,123.80000305175781,78.0,,,27.0
931.0,2026-09-21T18:45:18+00:00,2173.639892578125,2.055000066757202,486.61798905826987,117.0,124.0,79.0,,,27.0
937.0,2026-09-21T18:45:24+00:00,2185.139892578125,1.9170000553131104,521.648393920712,115.0,123.80000305175781,69.0,,,27.0
943.0,2026-09-21T18:45:30+00:00,2197.06005859375,1.9869999885559082,503.2712661094527,114.0,123.80000305175781,78.0,,,27.0
947.0,2026-09-21T18:45:34+00:00,2205.1201171875,2.015000104904175,496.27788979572085,117.0,123.5999984741211,78.0,,,27.0
953.0,2026-09-21T18:45:40+00:00,2217.929931640625,2.134999990463257,468.38407703365743,118.0,123.80000305175781,78.0,,,27.0
959.0,2026-09-21T18:45:46+00:00,2231.5400390625,2.2679998874664307,440.91712946118975,119.0,124.0,78.0,,,27.0
965.0,2026-09-21T18:45:52+00:00,2245.320068359375,2.296999931335449,435.3504701319741,119.0,123.80000305175781,79.0,,,27.0
971.0,2026-09-21T18:45:58+00:00,2259.35009765625,2.3380000591278076,427.7159857613736,119.0,124.0,79.0,,,27.0
977.0,2026-09-21T18:46:04+00:00,2273.760009765625,2.4019999504089355,416.31974215059915,118.0,124.19999694824219,79.0,,,27.0
983.0,2026-09-21T18:46:10+00:00,2288.27001953125,2.4179999828338623,413.5649326299887,120.0,124.19999694824219,79.0,,,27.0
987.0,2026-09-21T18:46:14+00:00,2297.840087890625,2.3929998874664307,417.8855190247175,117.0,124.19999694824219,78.0,,,27.0
990.0,2026-09-21T18:46:17+00:00,2304.909912109375,2.3570001125335693,424.2681172064465,116.0,124.4000015258789,78.0,,,27.0
996.0,2026-09-21T18:46:23+00:00,2318.929931640625,2.3369998931884766,427.89903538919464,119.0,124.4000015258789,79.0,,,27.0
1002.0,2026-09-21T18:46:29+00:00,2332.830078125,2.316999912261963,431.592592950836,120.0,124.19999694824219,77.0,,,27.0
1008.0,2026-09-21T18:46:35+00:00,2344.760009765625,1.9880000352859497,503.0180997236059,119.0,124.0,77.0,,,27.0
1013.0,2026-09-21T18:46:40+00:00,2354.800048828125,2.007999897003174,498.00799367193366,116.0,124.4000015258789,78.0,,,27.0
1017.0,2026-09-21T18:46:44+00:00,2362.81005859375,2.003000020980835,499.25111808551907,113.0,124.4000015258789,77.0,,,27.0
1020.0,2026-09-21T18:46:47+00:00,2368.800048828125,1.996999979019165,500.75113195101494,116.0,124.4000015258789,77.0,,,27.0
1025.0,2026-09-21T18:46:52+00:00,2378.7900390625,1.9980000257492065,500.500494050305,112.0,124.4000015258789,77.0,,,27.0
1031.0,2026-09-21T18:46:58+00:00,2390.760009765625,1.9950000047683716,501.25313163400443,111.0,124.19999694824219,77.0,,,27.0
1037.0,2026-09-21T18:47:04+00:00,2402.85009765625,2.015000104904175,496.27788979572085,111.0,124.19999694824219,79.0,,,27.0
1043.0,2026-09-21T18:47:10+00:00,2415.1201171875,2.0450000762939453,488.99753676892357,112.0,124.19999694824219,79.0,,,27.0
1049.0,2026-09-21T18:47:16+00:00,2428.090087890625,2.1619999408721924,462.534702751463,113.0,124.19999694824219,78.0,,,27.0
1055.0,2026-09-21T18:47:22+00:00,2440.8701171875,2.130000114440918,469.4835428506443,113.0,124.19999694824219,77.0,,,27.0
1061.0,2026-09-21T18:47:28+00:00,2454.110107421875,2.2070000171661377,453.1037572369545,113.0,124.19999694824219,77.0,,,27.0
1067.0,2026-09-21T18:47:34+00:00,2467.050048828125,2.1570000648498535,463.6068474432841,113.0,124.4000015258789,77.0,,,27.0
1073.0,2026-09-21T18:47:40+00:00,2479.02001953125,1.9950000047683716,501.25313163400443,114.0,124.4000015258789,76.0,,,27.0
1079.0,2026-09-21T18:47:46+00:00,2491.570068359375,2.0920000076293945,478.01147053205636,115.0,124.4000015258789,76.0,,,27.0
1083.0,2026-09-21T18:47:50+00:00,2499.6298828125,2.015000104904175,496.27788979572085,118.0,124.19999694824219,77.0,,,27.0
1089.0,2026-09-21T18:47:56+00:00,2511.739990234375,2.0179998874664307,495.54016638498695,116.0,124.80000305175781,77.0,,,27.0
1095.0,2026-09-21T18:48:02+00:00,2524.7099609375,2.1619999408721924,462.534702751463,116.0,124.4000015258789,77.0,,,27.0
1098.0,2026-09-21T18:48:05+00:00,2531.389892578125,2.2269999980926514,449.0345760469086,113.0,124.4000015258789,77.0,,,27.0
1104.0,2026-09-21T18:48:11+00:00,2545.31005859375,2.319999933242798,431.03449516149004,110.0,124.4000015258789,78.0,,,27.0
1107.0,2026-09-21T18:48:14+00:00,2552.489990234375,2.3929998874664307,417.8855190247175,114.0,124.4000015258789,78.0,,,27.0
1108.0,2026-09-21T18:48:15+00:00,2554.8798828125,2.390000104904175,418.4100234757497,117.0,124.4000015258789,78.0,,,27.0
1109.0,2026-09-21T18:48:16+00:00,2557.25,2.369999885559082,421.9409486444344,117.0,124.4000015258789,78.0,,,27.0
1112.0,2026-09-21T18:48:19+00:00,2564.199951171875,2.316999912261963,431.592592950836,120.0,124.4000015258789,77.0,,,27.0
1118.0,2026-09-21T18:48:25+00:00,2577.89990234375,2.2829999923706055,438.0201503906389,121.0,124.4000015258789,78.0,,,27.0
1124.0,2026-09-21T18:48:31+00:00,2591.68994140625,2.2980000972747803,435.1609911530941,121.0,124.5999984741211,77.0,,,27.0
1130.0,2026-09-21T18:48:37+00:00,2605.260009765625,2.26200008392334,442.086632581173,118.0,124.4000015258789,77.0,,,27.0
1133.0,2026-09-21T18:48:40+00:00,2611.3798828125,2.0399999618530273,490.19608759779254,115.0,124.5999984741211,77.0,,,27.0
1139.0,2026-09-21T18:48:46+00:00,2623.169921875,1.965000033378601,508.9058437727404,113.0,124.5999984741211,76.0,,,27.0
1145.0,2026-09-21T18:48:52+00:00,2634.969970703125,1.9670000076293945,508.3884067723967,114.0,124.80000305175781,76.0,,,27.0
1151.0,2026-09-21T18:48:58+00:00,2647.3701171875,2.066999912261963,483.7929571587056,117.0,124.5999984741211,77.0,,,27.0
1157.0,2026-09-21T18:49:04+00:00,2660.909912109375,2.256999969482422,443.06602282733803,117.0,124.5999984741211,77.0,,,27.0
1163.0,2026-09-21T18:49:10+00:00,2675.06005859375,2.3580000400543213,424.0882031439503,116.0,124.5999984741211,78.0,,,27.0
1169.0,2026-09-21T18:49:16+00:00,2689.719970703125,2.443000078201294,409.3327744533964,118.0,124.5999984741211,78.0,,,27.0
1175.0,2026-09-21T18:49:22+00:00,2703.840087890625,2.3529999256134033,424.98938870102603,119.0,124.4000015258789,76.0,,,27.0
1181.0,2026-09-21T18:49:28+00:00,2717.469970703125,2.2720000743865967,440.1408306599567,119.0,124.4000015258789,77.0,,,27.0
1187.0,2026-09-21T18:49:34+00:00,2732.0,2.421999931335449,412.8819274774369,119.0,124.80000305175781,78.0,,,27.0
1193.0,2026-09-21T18:49:40+00:00,2746.169921875,2.361999988555908,423.37002745346547,117.0,125.0,77.0,,,27.0
1199.0,2026-09-21T18:49:46+00:00,2759.050048828125,2.1470000743865967,465.76616923765243,116.0,125.0,77.0,,,27.0
1200.0,2026-09-21T18:49:47+00:00,2761.10009765625,2.049999952316284,487.80488939529255,116.0,125.0,77.0,,,27.0
1206.0,2026-09-21T18:49:53+00:00,2772.60009765625,1.9170000553131104,521.648393920712,115.0,124.80000305175781,67.0,,,27.0
1211.0,2026-09-21T18:49:58+00:00,2780.719970703125,1.6239999532699585,615.7635645164144,119.0,124.80000305175781,69.0,,,27.0
1213.0,2026-09-21T18:50:00+00:00,2785.60009765625,2.440000057220459,409.83605596270195,123.0,125.19999694824219,75.0,,,27.0
1216.0,2026-09-21T18:50:03+00:00,2793.56005859375,2.6530001163482666,376.9317588181844,126.0,125.4000015258789,78.0,,,27.0
1218.0,2026-09-21T18:50:05+00:00,2799.0400390625,2.740000009536743,364.9635023793565,129.0,125.4000015258789,79.0,,,27.0
1221.0,2026-09-21T18:50:08+00:00,2807.510009765625,2.822999954223633,354.23309111424163,132.0,125.4000015258789,80.0,,,27.0
1223.0,2026-09-21T18:50:10+00:00,2813.179931640625,2.8350000381469727,352.73368132073296,135.0,125.0,81.0,,,27.0
1226.0,2026-09-21T18:50:13+00:00,2821.68994140625,2.8369998931884766,352.4850326575479,138.0,124.80000305175781,82.0,,,27.0
1230.0,2026-09-21T18:50:17+00:00,2833.050048828125,2.8399999141693115,352.1126866979135,141.0,125.19999694824219,82.0,,,27.0
1236.0,2026-09-21T18:50:23+00:00,2850.280029296875,2.871999979019165,348.1894175854125,143.0,124.80000305175781,82.0,,,27.0
1242.0,2026-09-21T18:50:29+00:00,2867.93994140625,2.943000078201294,339.7893215861486,145.0,125.0,83.0,,,27.0
1246.0,2026-09-21T18:50:33+00:00,2879.800048828125,2.9649999141693115,337.2681379251118,148.0,124.5999984741211,83.0,,,27.0
1252.0,2026-09-21T18:50:39+00:00,2897.25,2.9079999923706055,343.87895551017476,150.0,124.5999984741211,83.0,,,27.0
1258.0,2026-09-21T18:50:45+00:00,2914.760009765625,2.9179999828338623,342.70048179672506,150.0,124.80000305175781,83.0,,,27.0
1264.0,2026-09-21T18:50:51+00:00,2931.93994140625,2.86299991607666,349.28397810446313,151.0,125.0,83.0,,,27.0
1270.0,2026-09-21T18:50:57+00:00,2948.949951171875,2.8350000381469727,352.73368132073296,152.0,125.19999694824219,83.0,,,27.0
1276.0,2026-09-21T18:51:03+00:00,2966.030029296875,2.8469998836517334,351.2469409437909,154.0,125.0,83.0,,,27.0
1282.0,2026-09-21T18:51:09+00:00,2982.919921875,2.815000057220459,355.23977963517467,155.0,125.0,83.0,,,27.0
1286.0,2026-09-21T18:51:13+00:00,2994.22998046875,2.828000068664551,353.6067806646921,156.0,124.80000305175781,83.0,,,27.0
1292.0,2026-09-21T18:51:19+00:00,3011.419921875,2.865000009536743,349.04013845420377,157.0,125.0,84.0,,,27.0
1298.0,2026-09-21T18:51:25+00:00,3028.340087890625,2.819999933242798,354.6099374726125,157.0,125.0,82.0,,,27.0
1304.0,2026-09-21T18:51:31+00:00,3045.090087890625,2.7920000553131104,358.1661820160152,157.0,124.5999984741211,82.0,,,27.0
1310.0,2026-09-21T18:51:37+00:00,3061.820068359375,2.7880001068115234,358.6800436473594,158.0,124.80000305175781,83.0,,,27.0
1316.0,2026-09-21T18:51:43+00:00,3079.070068359375,2.875,347.82608695652175,158.0,125.19999694824219,84.0,,,27.0
1322.0,2026-09-21T18:51:49+00:00,3096.0400390625,2.828000068664551,353.6067806646921,160.0,124.5999984741211,82.0,,,27.0
1328.0,2026-09-21T18:51:55+00:00,3112.5400390625,2.75,363.6363636363636,159.0,124.5999984741211,83.0,,,27.0
1334.0,2026-09-21T18:52:01+00:00,3129.0400390625,2.75,363.6363636363636,159.0,124.80000305175781,82.0,,,27.0
1340.0,2026-09-21T18:52:07+00:00,3145.800048828125,2.7929999828338623,358.0379542234618,159.0,124.5999984741211,83.0,,,27.0
1346.0,2026-09-21T18:52:13+00:00,3162.6298828125,2.805000066757202,356.50623037456023,158.0,124.4000015258789,84.0,,,27.0
1352.0,2026-09-21T18:52:19+00:00,3179.909912109375,2.880000114440918,347.2222084248513,158.0,124.80000305175781,83.0,,,27.0
1358.0,2026-09-21T18:52:25+00:00,3196.550048828125,2.7730000019073486,360.62026661095257,158.0,124.5999984741211,82.0,,,27.0
1364.0,2026-09-21T18:52:31+00:00,3213.090087890625,2.756999969482422,362.713097957608,158.0,124.5999984741211,82.0,,,27.0
1370.0,2026-09-21T18:52:37+00:00,3229.6298828125,2.756999969482422,362.713097957608,158.0,124.4000015258789,83.0,,,26.0
1376.0,2026-09-21T18:52:43+00:00,3247.1201171875,2.9149999618530273,343.0531777311973,159.0,124.5999984741211,84.0,,,26.0
1380.0,2026-09-21T18:52:47+00:00,3258.830078125,2.927000045776367,341.64673193052744,160.0,124.5999984741211,83.0,,,26.0
1386.0,2026-09-21T18:52:53+00:00,3270.409912109375,1.9299999475479126,518.1347291073824,159.0,124.0,69.0,,,26.0
1392.0,2026-09-21T18:52:59+00:00,3280.1298828125,1.6200000047683716,617.2839488003461,156.0,124.19999694824219,76.0,,,26.0
1396.0,2026-09-21T18:53:03+00:00,3280.1298828125,,,153.0,123.5999984741211,76.0,,,26.0
1397.0,2026-09-21T18:53:04+00:00,3280.1298828125,,,152.0,123.19999694824219,,,,26.0
1403.0,2026-09-21T18:53:10+00:00,3280.1298828125,,,151.0,123.0,,,,26.0
1409.0,2026-09-21T18:53:16+00:00,3283.1201171875,0.17599999904632568,,151.0,123.19999694824219,31.0,,,26.0
1415.0,2026-09-21T18:53:22+00:00,3283.1201171875,,,150.0,122.4000015258789,,,,26.0
1421.0,2026-09-21T18:53:28+00:00,3283.1201171875,,,149.0,122.80000305175781,,,,26.0
1427.0,2026-09-21T18:53:34+00:00,3284.8701171875,0.09700000286102295,,150.0,122.4000015258789,25.0,,,26.0
1429.0,2026-09-21T18:53:36+00:00,3284.8701171875,,,151.0,122.19999694824219,25.0,,,26.0
1435.0,2026-09-21T18:53:42+00:00,3284.8701171875,,,148.0,122.0,,,,26.0
1440.0,2026-09-21T18:53:47+00:00,3284.8701171875,,,149.0,121.80000305175781,,,,26.0
1446.0,2026-09-21T18:53:53+00:00,3288.610107421875,0.19699999690055847,,149.0,122.19999694824219,37.0,,,26.0
1452.0,2026-09-21T18:53:59+00:00,3290.68994140625,0.34700000286102295,2881.8443566425854,147.0,122.19999694824219,22.0,,,26.0
1454.0,2026-09-21T18:54:01+00:00,3290.68994140625,,,144.0,122.0,22.0,,,26.0
1456.0,2026-09-21T18:54:03+00:00,3290.68994140625,,,140.0,122.0,22.0,,,26.0
1458.0,2026-09-21T18:54:05+00:00,3290.68994140625,,,134.0,122.0,,,,26.0
1464.0,2026-09-21T18:54:11+00:00,3296.510009765625,0.48500001430511475,2061.855609288493,135.0,122.4000015258789,46.0,,,26.0
1470.0,2026-09-21T18:54:17+00:00,3296.510009765625,,,136.0,122.4000015258789,47.0,,,26.0
1476.0,2026-09-21T18:54:23+00:00,3299.22998046875,0.22699999809265137,,135.0,122.5999984741211,43.0,,,26.0
1480.0,2026-09-21T18:54:27+00:00,3304.3798828125,1.2869999408721924,777.0008126980222,132.0,122.4000015258789,52.0,,,26.0
1486.0,2026-09-21T18:54:33+00:00,3307.070068359375,0.4480000138282776,2232.1427882439953,131.0,122.5999984741211,52.0,,,26.0
1492.0,2026-09-21T18:54:39+00:00,3312.969970703125,0.9829999804496765,1017.2940181977896,132.0,122.5999984741211,40.0,,,26.0
1497.0,2026-09-21T18:54:44+00:00,3320.6298828125,1.531999945640564,652.7415375213197,129.0,122.5999984741211,71.0,,,26.0
1500.0,2026-09-21T18:54:47+00:00,3326.2900390625,1.8869999647140503,529.9417163219379,126.0,122.5999984741211,73.0,,,26.0
1502.0,2026-09-21T18:54:49+00:00,3330.080078125,1.8949999809265137,527.704490799559,129.0,122.5999984741211,73.0,,,26.0
1506.0,2026-09-21T18:54:53+00:00,3337.639892578125,1.8899999856948853,529.1005331052083,124.0,122.5999984741211,73.0,,,26.0
1507.0,2026-09-21T18:54:54+00:00,3339.530029296875,1.8899999856948853,529.1005331052083,121.0,122.5999984741211,73.0,,,26.0
1513.0,2026-09-21T18:55:00+00:00,3350.860107421875,1.8880000114440918,529.661013738618,121.0,122.4000015258789,73.0,,,26.0
1516.0,2026-09-21T18:55:03+00:00,3356.5,1.8799999952316284,531.9148949661532,118.0,122.5999984741211,73.0,,,26.0
1520.0,2026-09-21T18:55:07+00:00,3364.030029296875,1.8830000162124634,531.0674409931431,115.0,122.4000015258789,73.0,,,26.0
1524.0,2026-09-21T18:55:11+00:00,3371.6201171875,1.8980000019073486,526.8703893546231,112.0,122.0,74.0,,,26.0
1526.0,2026-09-21T18:55:13+00:00,3375.43994140625,1.909999966621399,523.560218573669,108.0,121.80000305175781,74.0,,,26.0
1530.0,2026-09-21T18:55:17+00:00,3383.050048828125,1.902999997138977,525.4860754090529,104.0,121.5999984741211,74.0,,,26.0
1532.0,2026-09-21T18:55:19+00:00,3386.860107421875,1.9049999713897705,524.9343910858233,101.0,121.80000305175781,74.0,,,26.0
1534.0,2026-09-21T18:55:21+00:00,3390.679931640625,1.909999966621399,523.560218573669,104.0,121.80000305175781,74.0,,,26.0
1538.0,2026-09-21T18:55:25+00:00,3398.360107421875,1.9199999570846558,520.8333449748658,111.0,121.80000305175781,75.0,,,26.0
1540.0,2026-09-21T18:55:27+00:00,3402.2099609375,1.9249999523162842,519.4805323484478,116.0,121.80000305175781,74.0,,,26.0
1543.0,2026-09-21T18:55:30+00:00,3407.969970703125,1.9199999570846558,520.8333449748658,119.0,121.80000305175781,74.0,,,26.0
1549.0,2026-09-21T18:55:36+00:00,3419.43994140625,1.9119999408721924,523.0125684752022,118.0,121.80000305175781,74.0,,,26.0
1555.0,2026-09-21T18:55:42+00:00,3431.070068359375,1.937999963760376,515.9958816818869,116.0,121.80000305175781,75.0,,,26.0
1558.0,2026-09-21T18:55:45+00:00,3436.969970703125,1.9670000076293945,508.3884067723967,119.0,121.5999984741211,76.0,,,26.0
1561.0,2026-09-21T18:55:48+00:00,3442.8798828125,1.9700000286102295,507.61420582590915,122.0,121.5999984741211,76.0,,,26.0
1563.0,2026-09-21T18:55:50+00:00,3446.800048828125,1.9600000381469727,510.2040717026833,119.0,121.5999984741211,76.0,,,26.0
1565.0,2026-09-21T18:55:52+00:00,3450.7099609375,1.9550000429153442,511.5089401782188,116.0,121.80000305175781,76.0,,,26.0
1571.0,2026-09-21T18:55:58+00:00,3462.469970703125,1.9600000381469727,510.2040717026833,115.0,121.80000305175781,76.0,,,26.0
1576.0,2026-09-21T18:56:03+00:00,3472.179931640625,1.9420000314712524,514.9330503575757,118.0,121.5999984741211,75.0,,,26.0
1579.0,2026-09-21T18:56:06+00:00,3478.030029296875,1.9500000476837158,512.8205002804169,115.0,121.4000015258789,76.0,,,26.0
1585.0,2026-09-21T18:56:12+00:00,3489.77001953125,1.9570000171661377,510.986198890312,112.0,121.80000305175781,76.0,,,26.0
1590.0,2026-09-21T18:56:17+00:00,3499.530029296875,1.9520000219345093,512.2950762105835,114.0,121.5999984741211,75.0,,,26.0
1593.0,2026-09-21T18:56:20+00:00,3505.719970703125,2.062999963760376,484.7309828242698,118.0,121.5999984741211,76.0,,,26.0
1596.0,2026-09-21T18:56:23+00:00,3513.18994140625,2.490000009536743,401.6064241646517,123.0,121.5999984741211,78.0,,,26.0
1599.0,2026-09-21T18:56:26+00:00,3521.300048828125,2.703000068664551,369.9592950783985,127.0,121.80000305175781,80.0,,,26.0
1602.0,2026-09-21T18:56:29+00:00,3529.72998046875,2.809999942779541,355.8718933676701,130.0,121.80000305175781,81.0,,,26.0
1604.0,2026-09-21T18:56:31+00:00,3535.5,2.884999990463257,346.62045175238484,133.0,121.80000305175781,82.0,,,26.0
1607.0,2026-09-21T18:56:34+00:00,3544.14990234375,2.882999897003174,346.86092116738604,137.0,121.80000305175781,82.0,,,26.0
1611.0,2026-09-21T18:56:38+00:00,3555.949951171875,2.950000047683716,338.9830453681454,140.0,122.0,83.0,,,26.0
1614.0,2026-09-21T18:56:41+00:00,3565.02001953125,3.0230000019073486,330.79722109462597,143.0,122.0,84.0,,,26.0
1618.0,2026-09-21T18:56:45+00:00,3577.239990234375,3.055000066757202,327.33223507306576,146.0,122.0,84.0,,,26.0
1623.0,2026-09-21T18:56:50+00:00,3592.14990234375,2.9820001125335693,335.3453931128055,149.0,121.4000015258789,85.0,,,26.0
1629.0,2026-09-21T18:56:56+00:00,3610.419921875,3.0450000762939453,328.4072167305477,151.0,122.0,85.0,,,26.0
1635.0,2026-09-21T18:57:02+00:00,3628.610107421875,3.0320000648498535,329.8152963758332,152.0,121.80000305175781,85.0,,,26.0
1640.0,2026-09-21T18:57:07+00:00,3644.030029296875,3.0840001106262207,324.25420367347044,155.0,122.0,86.0,,,26.0
1646.0,2026-09-21T18:57:13+00:00,3662.919921875,3.1480000019073486,317.6620074314192,156.0,122.19999694824219,86.0,,,26.0
1652.0,2026-09-21T18:57:19+00:00,3681.590087890625,3.111999988555908,321.33676210713605,158.0,121.4000015258789,85.0,,,26.0
1658.0,2026-09-21T18:57:25+00:00,3700.070068359375,3.0799999237060547,324.6753327177799,159.0,121.80000305175781,85.0,,,26.0
1664.0,2026-09-21T18:57:31+00:00,3718.530029296875,3.0769999027252197,324.9918854772552,160.0,121.80000305175781,85.0,,,26.0
1670.0,2026-09-21T18:57:37+00:00,3737.050048828125,3.0869998931884766,323.9391106577356,160.0,122.0,86.0,,,26.0
1676.0,2026-09-21T18:57:43+00:00,3755.47998046875,3.072000026702881,325.5208305037943,161.0,121.80000305175781,86.0,,,26.0
1682.0,2026-09-21T18:57:49+00:00,3772.93994140625,2.9100000858306885,343.6426015480821,162.0,121.5999984741211,83.0,,,26.0
1688.0,2026-09-21T18:57:55+00:00,3790.1201171875,2.86299991607666,349.28397810446313,163.0,122.19999694824219,83.0,,,26.0
1694.0,2026-09-21T18:58:01+00:00,3807.2900390625,2.861999988555908,349.4060111805152,163.0,121.80000305175781,83.0,,,26.0
1700.0,2026-09-21T18:58:07+00:00,3824.580078125,2.881999969482422,346.98126668599167,164.0,121.80000305175781,84.0,,,26.0
1706.0,2026-09-21T18:58:13+00:00,3841.8701171875,2.881999969482422,346.98126668599167,164.0,122.0,84.0,,,26.0
1712.0,2026-09-21T18:58:19+00:00,3859.43994140625,2.927999973297119,341.530057759507,164.0,122.0,86.0,,,26.0
1718.0,2026-09-21T18:58:25+00:00,3876.969970703125,2.921999931335449,342.23135643366265,165.0,122.0,84.0,,,26.0
1723.0,2026-09-21T18:58:30+00:00,3891.47998046875,2.9019999504089355,344.58994386236463,165.0,121.80000305175781,84.0,,,26.0
1729.0,2026-09-21T18:58:36+00:00,3909.159912109375,2.947000026702881,339.3281272273368,167.0,121.80000305175781,85.0,,,26.0
1735.0,2026-09-21T18:58:42+00:00,3926.840087890625,2.947000026702881,339.3281272273368,167.0,121.5999984741211,85.0,,,26.0
1741.0,2026-09-21T18:58:48+00:00,3944.89990234375,3.009999990463257,332.2259146738715,167.0,121.5999984741211,86.0,,,26.0
1747.0,2026-09-21T18:58:54+00:00,3962.97998046875,3.013000011444092,331.89511988110246,168.0,121.4000015258789,85.0,,,26.0
1753.0,2026-09-21T18:59:00+00:00,3980.580078125,2.933000087738037,340.94782478210266,167.0,121.5999984741211,86.0,,,26.0
1759.0,2026-09-21T18:59:06+00:00,3999.0,3.069999933242798,325.7329061058689,168.0,121.5999984741211,86.0,,,26.0
1765.0,2026-09-21T18:59:12+00:00,4019.8798828125,3.4800000190734863,287.356320264113,168.0,121.5999984741211,86.0,,,26.0
1770.0,2026-09-21T18:59:17+00:00,4034.909912109375,3.00600004196167,332.66799269484216,167.0,121.4000015258789,80.0,,,26.0
1776.0,2026-09-21T18:59:23+00:00,4048.669921875,2.2929999828338623,436.1099029595825,164.0,121.4000015258789,75.0,,,26.0
1782.0,2026-09-21T18:59:29+00:00,4053.919921875,0.875,1142.857142857143,162.0,121.4000015258789,47.0,,,26.0
1788.0,2026-09-21T18:59:35+00:00,4056.739990234375,0.4699999988079071,2127.6595798646126,162.0,121.19999694824219,0.0,,,26.0
1791.0,2026-09-21T18:59:38+00:00,4058.139892578125,0.46700000762939453,2141.3275881433983,162.0,121.19999694824219,27.0,,,26.0
1797.0,2026-09-21T18:59:44+00:00,4060.199951171875,0.34299999475479126,2915.4519396272713,164.0,121.4000015258789,31.0,,,26.0
1803.0,2026-09-21T18:59:50+00:00,4065.590087890625,0.8980000019073486,1113.5857437371978,165.0,121.4000015258789,57.0,,,26.0
1809.0,2026-09-21T18:59:56+00:00,4065.590087890625,,,163.0,121.0,,,,26.0
1815.0,2026-09-21T19:00:02+00:00,4069.5400390625,0.32899999618530273,3039.5137130541784,162.0,121.0,16.0,,,26.0
1821.0,2026-09-21T19:00:08+00:00,4076.889892578125,1.225000023841858,816.3265147242932,160.0,121.0,60.0,,,26.0
1827.0,2026-09-21T19:00:14+00:00,4078.110107421875,0.2029999941587448,,161.0,121.19999694824219,0.0,,,26.0
1830.0,2026-09-21T19:00:17+00:00,4078.110107421875,,,161.0,121.0,0.0,,,26.0
1836.0,2026-09-21T19:00:23+00:00,4082.64990234375,0.5040000081062317,1984.126952214697,161.0,121.0,45.0,,,26.0
1842.0,2026-09-21T19:00:29+00:00,4090.56005859375,1.3179999589920044,758.725365033237,159.0,121.19999694824219,52.0,,,26.0
1847.0,2026-09-21T19:00:34+00:00,4090.56005859375,,,154.0,121.4000015258789,52.0,,,26.0
1853.0,2026-09-21T19:00:40+00:00,4090.56005859375,,,150.0,121.4000015258789,,,,26.0
1859.0,2026-09-21T19:00:46+00:00,4090.56005859375,,,150.0,121.5999984741211,,,,26.0
1863.0,2026-09-21T19:00:50+00:00,4090.56005859375,,,147.0,121.5999984741211,,,,26.0
1865.0,2026-09-21T19:00:52+00:00,4090.56005859375,,,143.0,121.4000015258789,,,,26.0
1871.0,2026-09-21T19:00:58+00:00,4094.699951171875,0.14300000667572021,,140.0,121.5999984741211,0.0,,,26.0
1877.0,2026-09-21T19:01:04+00:00,4094.699951171875,,,139.0,121.5999984741211,,,,26.0
1879.0,2026-09-21T19:01:06+00:00,4094.699951171875,,,134.0,121.5999984741211,,,,26.0
1883.0,2026-09-21T19:01:10+00:00,4094.699951171875,,,131.0,121.19999694824219,,,,26.0
1889.0,2026-09-21T19:01:16+00:00,4098.02001953125,0.18400000035762787,,129.0,121.5999984741211,41.0,,,26.0
1895.0,2026-09-21T19:01:22+00:00,4105.39013671875,1.2280000448226929,814.3322178334179,130.0,122.0,49.0,,,26.0
1901.0,2026-09-21T19:01:28+00:00,4115.60009765625,1.7020000219345093,587.5440582329668,129.0,122.19999694824219,72.0,,,26.0
1903.0,2026-09-21T19:01:30+00:00,4119.33984375,1.8700000047683716,534.7593569251704,124.0,122.19999694824219,72.0,,,26.0
1904.0,2026-09-21T19:01:31+00:00,4121.2099609375,1.8700000047683716,534.7593569251704,124.0,122.4000015258789,72.0,,,26.0
1908.0,2026-09-21T19:01:35+00:00,4128.66015625,1.8630000352859497,536.7686425440734,127.0,122.4000015258789,72.0,,,26.0
1913.0,2026-09-21T19:01:40+00:00,4137.85986328125,1.840000033378601,543.478251010574,124.0,122.19999694824219,71.0,,,26.0
1919.0,2026-09-21T19:01:46+00:00,4148.89990234375,1.840000033378601,543.478251010574,124.0,121.80000305175781,72.0,,,26.0
1925.0,2026-09-21T19:01:52+00:00,4160.2001953125,1.8830000162124634,531.0674409931431,126.0,121.80000305175781,73.0,,,26.0
1931.0,2026-09-21T19:01:58+00:00,4171.7001953125,1.9170000553131104,521.648393920712,125.0,121.5999984741211,75.0,,,26.0
1937.0,2026-09-21T19:02:04+00:00,4183.35009765625,1.9420000314712524,514.9330503575757,123.0,122.0,75.0,,,26.0
1943.0,2026-09-21T19:02:10+00:00,4195.009765625,1.9429999589920044,514.6680499770999,125.0,122.0,75.0,,,26.0
1949.0,2026-09-21T19:02:16+00:00,4206.7900390625,1.9630000591278076,509.42433513950886,122.0,122.0,76.0,,,26.0
1955.0,2026-09-21T19:02:22+00:00,4218.3798828125,1.9320000410079956,517.5983326989285,123.0,122.0,74.0,,,26.0
1961.0,2026-09-21T19:02:28+00:00,4229.990234375,1.934999942779541,516.7958809153993,123.0,122.0,75.0,,,26.0
1965.0,2026-09-21T19:02:32+00:00,4237.75,1.940000057220459,515.4639023221232,120.0,122.0,75.0,,,26.0
1971.0,2026-09-21T19:02:38+00:00,4249.3798828125,1.937999963760376,515.9958816818869,119.0,121.80000305175781,75.0,,,26.0
1977.0,2026-09-21T19:02:44+00:00,4261.06982421875,1.9479999542236328,513.347034650494,119.0,122.0,75.0,,,26.0
1980.0,2026-09-21T19:02:47+00:00,4266.919921875,1.9500000476837158,512.8205002804169,120.0,122.0,75.0,,,26.0
1983.0,2026-09-21T19:02:50+00:00,4273.10986328125,2.062999963760376,484.7309828242698,123.0,122.19999694824219,76.0,,,26.0
1989.0,2026-09-21T19:02:56+00:00,4287.7998046875,2.447999954223633,408.4967396648271,124.0,122.4000015258789,78.0,,,26.0
1993.0,2026-09-21T19:03:00+00:00,4298.509765625,2.677000045776367,373.5524777363185,128.0,122.19999694824219,79.0,,,26.0
1996.0,2026-09-21T19:03:03+00:00,4306.669921875,2.7200000286102295,367.6470549564461,131.0,122.4000015258789,80.0,,,26.0
1999.0,2026-09-21T19:03:06+00:00,4314.9599609375,2.763000011444092,361.9254418596062,134.0,122.4000015258789,80.0,,,26.0
2001.0,2026-09-21T19:03:08+00:00,4320.64013671875,2.8399999141693115,352.1126866979135,137.0,122.4000015258789,81.0,,,26.0
2004.0,2026-09-21T19:03:11+00:00,4329.259765625,2.872999906539917,348.06823269421716,140.0,122.4000015258789,82.0,,,26.0
2007.0,2026-09-21T19:03:14+00:00,4337.85986328125,2.867000102996826,348.79663902164395,143.0,122.80000305175781,82.0,,,26.0
2010.0,2026-09-21T19:03:17+00:00,4346.66015625,2.933000087738037,340.94782478210266,146.0,122.80000305175781,82.0,,,26.0
2015.0,2026-09-21T19:03:22+00:00,4361.56982421875,2.9820001125335693,335.3453931128055,149.0,122.80000305175781,82.0,,,26.0
2021.0,2026-09-21T19:03:28+00:00,4379.080078125,2.9179999828338623,342.70048179672506,151.0,122.80000305175781,83.0,,,26.0
2027.0,2026-09-21T19:03:34+00:00,4395.81005859375,2.7880001068115234,358.6800436473594,153.0,122.4000015258789,81.0,,,26.0
2033.0,2026-09-21T19:03:40+00:00,4412.41015625,2.7669999599456787,361.40224592545053,155.0,122.5999984741211,81.0,,,26.0
2039.0,2026-09-21T19:03:46+00:00,4429.009765625,2.7669999599456787,361.40224592545053,156.0,122.4000015258789,82.0,,,26.0
2045.0,2026-09-21T19:03:52+00:00,4445.5,2.747999906539917,363.9010312992069,157.0,122.5999984741211,81.0,,,26.0
2051.0,2026-09-21T19:03:58+00:00,4462.3701171875,2.812000036239624,355.6187720883746,157.0,122.80000305175781,82.0,,,26.0
2057.0,2026-09-21T19:04:04+00:00,4479.77001953125,2.9000000953674316,344.827574867131,159.0,123.0,82.0,,,26.0
2063.0,2026-09-21T19:04:10+00:00,4496.35986328125,2.765000104904175,361.66363908136503,160.0,123.19999694824219,81.0,,,26.0
2066.0,2026-09-21T19:04:13+00:00,4504.31982421875,2.6530001163482666,376.9317588181844,161.0,123.4000015258789,81.0,,,26.0
2072.0,2026-09-21T19:04:19+00:00,4520.490234375,2.694999933242798,371.0575231060342,162.0,123.5999984741211,81.0,,,26.0
2078.0,2026-09-21T19:04:25+00:00,4536.52001953125,2.671999931335449,374.2515066234325,160.0,123.4000015258789,81.0,,,26.0
2084.0,2026-09-21T19:04:31+00:00,4552.52001953125,2.6670000553131104,374.9531230821809,161.0,123.19999694824219,82.0,,,26.0
2090.0,2026-09-21T19:04:37+00:00,4568.7099609375,2.697999954223633,370.6449284532166,162.0,123.5999984741211,80.0,,,26.0
2096.0,2026-09-21T19:04:43+00:00,4584.1298828125,2.569999933242798,389.1050684729828,163.0,123.4000015258789,80.0,,,26.0
2102.0,2026-09-21T19:04:49+00:00,4599.580078125,2.575000047683716,388.3495073716709,163.0,123.5999984741211,81.0,,,26.0
2108.0,2026-09-21T19:04:55+00:00,4615.91015625,2.7219998836517334,367.3769444319143,164.0,123.19999694824219,83.0,,,26.0
2114.0,2026-09-21T19:05:01+00:00,4632.2001953125,2.7149999141693115,368.3241368742226,164.0,123.5999984741211,82.0,,,26.0
2120.0,2026-09-21T19:05:07+00:00,4648.3798828125,2.697000026702881,370.7823470890038,165.0,123.19999694824219,82.0,,,26.0
2126.0,2026-09-21T19:05:13+00:00,4664.60009765625,2.703000068664551,369.9592950783985,164.0,123.5999984741211,82.0,,,26.0
2132.0,2026-09-21T19:05:19+00:00,4680.93994140625,2.7230000495910645,367.24200579804557,164.0,123.80000305175781,82.0,,,26.0
2138.0,2026-09-21T19:05:25+00:00,4698.2001953125,2.877000093460083,347.5842778987642,164.0,123.80000305175781,83.0,,,26.0
2144.0,2026-09-21T19:05:31+00:00,4714.9599609375,2.7929999828338623,358.0379542234618,164.0,123.5999984741211,82.0,,,26.0
2150.0,2026-09-21T19:05:37+00:00,4731.64990234375,2.7820000648498535,359.45362210261874,163.0,123.5999984741211,82.0,,,26.0
2156.0,2026-09-21T19:05:43+00:00,4747.7998046875,2.691999912261963,371.47103736706526,164.0,123.4000015258789,82.0,,,26.0
2160.0,2026-09-21T19:05:47+00:00,4756.1201171875,2.0799999237060547,480.7692484037417,163.0,123.4000015258789,72.0,,,26.0
2166.0,2026-09-21T19:05:53+00:00,4767.06982421875,1.8250000476837158,547.9451911627053,159.0,123.0,66.0,,,26.0
2172.0,2026-09-21T19:05:59+00:00,4767.06982421875,,,160.0,122.80000305175781,,,,26.0
2178.0,2026-09-21T19:06:05+00:00,4767.06982421875,,,161.0,123.0,,,,26.0
2184.0,2026-09-21T19:06:11+00:00,4771.81005859375,0.2630000114440918,,162.0,122.80000305175781,12.0,,,26.0
2190.0,2026-09-21T19:06:17+00:00,4778.16015625,1.0579999685287476,945.1796122362819,164.0,123.19999694824219,0.0,,,27.0
2196.0,2026-09-21T19:06:23+00:00,4780.77001953125,0.4350000023841858,2298.850562112904,165.0,123.5999984741211,0.0,,,27.0
2202.0,2026-09-21T19:06:29+00:00,4783.4501953125,0.44699999690055847,2237.1364808364065,164.0,123.5999984741211,10.0,,,27.0
2206.0,2026-09-21T19:06:33+00:00,4789.41015625,1.4900000095367432,671.1409353016787,165.0,124.4000015258789,15.0,,,27.0
2212.0,2026-09-21T19:06:39+00:00,4791.68994140625,0.3799999952316284,2631.5789803903854,164.0,124.80000305175781,17.0,,,27.0
2218.0,2026-09-21T19:06:45+00:00,4795.509765625,0.6370000243186951,1569.8586527834948,165.0,123.5999984741211,29.0,,,27.0
2220.0,2026-09-21T19:06:47+00:00,4797.31005859375,0.8999999761581421,1111.1111405455044,164.0,123.19999694824219,35.0,,,27.0
2226.0,2026-09-21T19:06:53+00:00,4804.1201171875,1.1349999904632568,881.0572761254775,164.0,123.4000015258789,44.0,,,27.0
2232.0,2026-09-21T19:06:59+00:00,4805.27001953125,0.19200000166893005,,161.0,123.5999984741211,44.0,,,27.0
2236.0,2026-09-21T19:07:03+00:00,4805.27001953125,,,158.0,123.5999984741211,,,,27.0
2241.0,2026-09-21T19:07:08+00:00,4805.27001953125,,,153.0,123.5999984741211,,,,27.0
2243.0,2026-09-21T19:07:10+00:00,4805.27001953125,,,150.0,123.5999984741211,,,,27.0
2249.0,2026-09-21T19:07:16+00:00,4814.43994140625,0.5389999747276306,1855.2876565631075,149.0,123.4000015258789,74.0,,,27.0
2253.0,2026-09-21T19:07:20+00:00,4822.10986328125,1.9170000553131104,521.648393920712,146.0,123.5999984741211,73.0,,,27.0
2257.0,2026-09-21T19:07:24+00:00,4829.580078125,1.8680000305175781,535.3318970358496,142.0,123.5999984741211,72.0,,,27.0
2261.0,2026-09-21T19:07:28+00:00,4836.93017578125,1.8380000591278076,544.0696234115103,139.0,124.0,71.0,,,27.0
2264.0,2026-09-21T19:07:31+00:00,4837.5400390625,0.2029999941587448,,136.0,124.0,23.0,,,27.0
2270.0,2026-09-21T19:07:37+00:00,4844.52978515625,1.1649999618530273,858.3691268190418,134.0,124.0,51.0,,,27.0
2272.0,2026-09-21T19:07:39+00:00,4847.240234375,1.3550000190734863,738.0073696853332,133.0,124.19999694824219,53.0,,,27.0
2278.0,2026-09-21T19:07:45+00:00,4857.33984375,1.6829999685287476,594.1770758761121,131.0,124.4000015258789,73.0,,,27.0
2281.0,2026-09-21T19:07:48+00:00,4862.990234375,1.8830000162124634,531.0674409931431,128.0,124.80000305175781,73.0,,,27.0
2284.0,2026-09-21T19:07:51+00:00,4868.64013671875,1.8830000162124634,531.0674409931431,125.0,124.5999984741211,73.0,,,26.0
2290.0,2026-09-21T19:07:57+00:00,4877.93994140625,1.5499999523162842,645.1613101701216,127.0,125.0,0.0,,,26.0
2296.0,2026-09-21T19:08:03+00:00,4886.5,1.4270000457763672,700.7708254528783,128.0,125.19999694824219,71.0,,,26.0
2299.0,2026-09-21T19:08:06+00:00,4892.06982421875,1.8569999933242798,538.5029637021514,125.0,125.19999694824219,72.0,,,26.0
2302.0,2026-09-21T19:08:09+00:00,4897.64013671875,1.8569999933242798,538.5029637021514,122.0,125.19999694824219,72.0,,,26.0
2308.0,2026-09-21T19:08:15+00:00,4908.83984375,1.8669999837875366,535.6186441798059,124.0,125.19999694824219,72.0,,,26.0
2313.0,2026-09-21T19:08:20+00:00,4918.18994140625,1.8700000047683716,534.7593569251704,121.0,124.80000305175781,72.0,,,26.0
2319.0,2026-09-21T19:08:26+00:00,4929.43017578125,1.8730000257492065,533.9028223451287,122.0,124.80000305175781,73.0,,,26.0
2325.0,2026-09-21T19:08:32+00:00,4940.7099609375,1.8799999952316284,531.9148949661532,124.0,124.5999984741211,73.0,,,26.0
2331.0,2026-09-21T19:08:38+00:00,4952.08984375,1.8969999551773071,527.1481410797044,120.0,124.4000015258789,74.0,,,26.0
2337.0,2026-09-21T19:08:44+00:00,4963.5400390625,1.9079999923706055,524.1090167707728,120.0,124.80000305175781,74.0,,,27.0
2343.0,2026-09-21T19:08:50+00:00,4975.009765625,1.9119999408721924,523.0125684752022,118.0,124.4000015258789,73.0,,,27.0
2346.0,2026-09-21T19:08:53+00:00,4980.72021484375,1.902999997138977,525.4860754090529,114.0,124.19999694824219,74.0,,,27.0
2352.0,2026-09-21T19:08:59+00:00,4992.27978515625,1.9270000457763672,518.9413472987807,114.0,124.4000015258789,76.0,,,27.0
2354.0,2026-09-21T19:09:01+00:00,4996.31005859375,2.015000104904175,496.27788979572085,111.0,124.4000015258789,76.0,,,27.0
2356.0,2026-09-21T19:09:03+00:00,5000.1298828125,1.909999966621399,523.560218573669,114.0,124.4000015258789,75.0,,,27.0
2358.0,2026-09-21T19:09:05+00:00,5003.91015625,1.8899999856948853,529.1005331052083,118.0,124.4000015258789,74.0,,,27.0
2364.0,2026-09-21T19:09:11+00:00,5015.27001953125,1.8930000066757202,528.262016097977,120.0,124.4000015258789,73.0,,,27.0
2370.0,2026-09-21T19:09:17+00:00,5026.60986328125,1.8899999856948853,529.1005331052083,122.0,124.19999694824219,73.0,,,27.0
2372.0,2026-09-21T19:09:19+00:00,5030.5,1.9450000524520874,514.1388036156023,125.0,124.19999694824219,74.0,,,27.0
2375.0,2026-09-21T19:09:22+00:00,5037.6201171875,2.372999906539917,421.40751765056115,128.0,124.19999694824219,76.0,,,27.0
2378.0,2026-09-21T19:09:25+00:00,5045.43017578125,2.6029999256134033,384.1721200834639,131.0,124.5999984741211,78.0,,,27.0
2382.0,2026-09-21T19:09:29+00:00,5056.240234375,2.703000068664551,369.9592950783985,134.0,124.19999694824219,80.0,,,27.0
2386.0,2026-09-21T19:09:33+00:00,5067.16015625,2.7300000190734863,366.30036374116304,137.0,124.0,81.0,,,27.0
2389.0,2026-09-21T19:09:36+00:00,5075.52001953125,2.7869999408721924,358.8087625459546,140.0,123.80000305175781,82.0,,,27.0
2392.0,2026-09-21T19:09:39+00:00,5084.06982421875,2.8499999046325684,350.8772047235992,141.0,124.0,82.0,,,27.0
2396.0,2026-09-21T19:09:43+00:00,5095.58984375,2.880000114440918,347.2222084248513,144.0,124.19999694824219,83.0,,,27.0
2402.0,2026-09-21T19:09:49+00:00,5113.35009765625,2.9600000381469727,337.8378334839559,145.0,124.19999694824219,84.0,,,27.0
2408.0,2026-09-21T19:09:55+00:00,5130.72998046875,2.8970000743865967,345.1846649371376,148.0,124.0,83.0,,,27.0
2414.0,2026-09-21T19:10:01+00:00,5147.60986328125,2.812999963760376,355.4923614941022,150.0,124.19999694824219,83.0,,,27.0
2419.0,2026-09-21T19:10:06+00:00,5162.16015625,2.9100000858306885,343.6426015480821,153.0,124.19999694824219,84.0,,,27.0
2425.0,2026-09-21T19:10:12+00:00,5179.85009765625,2.947999954223633,339.21303104746954,155.0,124.0,84.0,,,27.0
2429.0,2026-09-21T19:10:16+00:00,5191.47998046875,2.9070000648498535,343.9972403480665,158.0,124.0,83.0,,,27.0
2435.0,2026-09-21T19:10:22+00:00,5208.52978515625,2.8420000076293945,351.8648829400014,158.0,124.4000015258789,84.0,,,27.0
2441.0,2026-09-21T19:10:28+00:00,5225.75,2.869999885559082,348.4320696428174,159.0,124.19999694824219,84.0,,,27.0
2447.0,2026-09-21T19:10:34+00:00,5242.9599609375,2.868000030517578,348.67503115735093,159.0,124.19999694824219,83.0,,,27.0
2453.0,2026-09-21T19:10:40+00:00,5260.43017578125,2.9119999408721924,343.40660037942285,161.0,124.0,84.0,,,27.0
2459.0,2026-09-21T19:10:46+00:00,5277.7099609375,2.880000114440918,347.2222084248513,163.0,124.5999984741211,84.0,,,27.0
2465.0,2026-09-21T19:10:52+00:00,5295.27978515625,2.927999973297119,341.530057759507,164.0,124.19999694824219,85.0,,,27.0
2471.0,2026-09-21T19:10:58+00:00,5313.669921875,3.065000057220459,326.26426797096536,164.0,124.19999694824219,86.0,,,27.0
2477.0,2026-09-21T19:11:04+00:00,5331.22998046875,2.927000045776367,341.64673193052744,165.0,124.19999694824219,84.0,,,27.0
2483.0,2026-09-21T19:11:10+00:00,5348.47998046875,2.875,347.82608695652175,165.0,124.19999694824219,84.0,,,27.0
2489.0,2026-09-21T19:11:16+00:00,5365.5,2.8369998931884766,352.4850326575479,166.0,124.80000305175781,84.0,,,27.0
2495.0,2026-09-21T19:11:22+00:00,5382.18994140625,2.7820000648498535,359.45362210261874,167.0,124.80000305175781,84.0,,,27.0
2501.0,2026-09-21T19:11:28+00:00,5399.1201171875,2.822000026702881,354.3586075611638,168.0,124.19999694824219,85.0,,,27.0
2507.0,2026-09-21T19:11:34+00:00,5417.009765625,2.9820001125335693,335.3453931128055,168.0,124.80000305175781,84.0,,,27.0
2513.0,2026-09-21T19:11:40+00:00,5433.0400390625,2.671999931335449,374.2515066234325,168.0,124.5999984741211,83.0,,,27.0
2519.0,2026-09-21T19:11:46+00:00,5449.33984375,2.7170000076293945,368.05299859844627,167.0,124.4000015258789,84.0,,,27.0
2525.0,2026-09-21T19:11:52+00:00,5467.0498046875,2.9519999027252197,338.753398696532,167.0,124.5999984741211,85.0,,,27.0
2531.0,2026-09-21T19:11:58+00:00,5484.33984375,2.881999969482422,346.98126668599167,168.0,124.4000015258789,83.0,,,27.0
2537.0,2026-09-21T19:12:04+00:00,5502.25,2.984999895095825,335.0083869828403,168.0,124.5999984741211,85.0,,,27.0
2543.0,2026-09-21T19:12:10+00:00,5520.83984375,3.0980000495910645,322.78889089495004,169.0,124.5999984741211,86.0,,,27.0
2549.0,2026-09-21T19:12:16+00:00,5537.35009765625,2.752000093460083,363.37208068285435,168.0,124.4000015258789,71.0,,,27.0
2550.0,2026-09-21T19:12:17+00:00,5539.06982421875,1.7200000286102295,581.3953391663639,168.0,124.4000015258789,66.0,,,27.0
2556.0,2026-09-21T19:12:23+00:00,5548.5,1.5720000267028809,636.1323047159254,165.0,124.80000305175781,59.0,,,27.0
2562.0,2026-09-21T19:12:29+00:00,5548.5,,,163.0,124.5999984741211,59.0,,,27.0
2568.0,2026-09-21T19:12:35+00:00,5549.490234375,0.08299999684095383,,162.0,124.4000015258789,16.0,,,27.0
2574.0,2026-09-21T19:12:41+00:00,5551.72021484375,0.3720000088214874,2688.1719792643134,162.0,124.0,21.0,,,27.0
2580.0,2026-09-21T19:12:47+00:00,5552.91015625,0.1979999989271164,,162.0,123.5999984741211,22.0,,,27.0
2586.0,2026-09-21T19:12:53+00:00,5555.18994140625,0.3799999952316284,2631.5789803903854,162.0,123.5999984741211,34.0,,,27.0
2592.0,2026-09-21T19:12:59+00:00,5558.7998046875,0.6019999980926514,1661.1295733693576,161.0,123.80000305175781,20.0,,,27.0
2595.0,2026-09-21T19:13:02+00:00,5563.6298828125,1.6100000143051147,621.1180069036246,161.0,123.19999694824219,35.0,,,28.0
2601.0,2026-09-21T19:13:08+00:00,5572.18017578125,1.4249999523162842,701.7544094471984,161.0,123.0,33.0,,,28.0
2607.0,2026-09-21T19:13:14+00:00,5579.830078125,1.274999976158142,784.313740156468,162.0,123.4000015258789,22.0,,,28.0
2610.0,2026-09-21T19:13:17+00:00,5584.52001953125,1.562999963760376,639.7952803492901,163.0,123.4000015258789,24.0,,,28.0
2616.0,2026-09-21T19:13:23+00:00,5592.419921875,1.3170000314712524,759.3014245283472,161.0,123.80000305175781,42.0,,,28.0
2621.0,2026-09-21T19:13:28+00:00,5593.490234375,0.21400000154972076,,158.0,123.19999694824219,0.0,,,28.0
2622.0,2026-09-21T19:13:29+00:00,5593.490234375,,,155.0,123.19999694824219,0.0,,,28.0
2624.0,2026-09-21T19:13:31+00:00,5593.490234375,,,152.0,123.19999694824219,0.0,,,28.0
2630.0,2026-09-21T19:13:37+00:00,5593.490234375,,,149.0,123.4000015258789,,,,28.0
2636.0,2026-09-21T19:13:43+00:00,5594.830078125,0.08900000154972076,,149.0,123.19999694824219,24.0,,,28.0
2641.0,2026-09-21T19:13:48+00:00,5598.47998046875,0.7300000190734863,1369.8629779067633,146.0,123.5999984741211,0.0,,,28.0
2647.0,2026-09-21T19:13:54+00:00,5602.7001953125,0.703000009059906,1422.4750883534984,145.0,123.80000305175781,41.0,,,28.0
2653.0,2026-09-21T19:14:00+00:00,5609.08984375,1.065000057220459,938.9670857012886,144.0,124.0,45.0,,,28.0
2654.0,2026-09-21T19:14:01+00:00,5610.4501953125,1.3600000143051147,735.2941099128922,142.0,124.19999694824219,45.0,,,28.0
2657.0,2026-09-21T19:14:04+00:00,5615.06005859375,1.5369999408721924,650.618112211856,139.0,124.4000015258789,62.0,,,28.0
2660.0,2026-09-21T19:14:07+00:00,5620.14013671875,1.6929999589920044,590.6674685304719,136.0,124.4000015258789,66.0,,,28.0
2663.0,2026-09-21T19:14:10+00:00,5625.7998046875,1.8869999647140503,529.9417163219379,132.0,124.5999984741211,68.0,,,28.0
2669.0,2026-09-21T19:14:16+00:00,5636.419921875,1.7699999809265137,564.9717575005543,130.0,124.19999694824219,67.0,,,28.0
2675.0,2026-09-21T19:14:22+00:00,5647.080078125,1.7769999504089355,562.7462171678019,128.0,123.80000305175781,69.0,,,28.0
2681.0,2026-09-21T19:14:28+00:00,5657.8798828125,1.7999999523162842,555.5555702727522,126.0,124.19999694824219,69.0,,,28.0
2687.0,2026-09-21T19:14:34+00:00,5668.64990234375,1.7949999570846558,557.103077386223,126.0,124.4000015258789,69.0,,,28.0
2693.0,2026-09-21T19:14:40+00:00,5679.5498046875,1.8170000314712524,550.3577229937001,129.0,124.4000015258789,71.0,,,28.0
2699.0,2026-09-21T19:14:46+00:00,5690.60009765625,1.8420000076293945,542.8881627894093,127.0,124.4000015258789,71.0,,,28.0
2703.0,2026-09-21T19:14:50+00:00,5697.93017578125,1.8329999446868896,545.5537535058784,124.0,124.19999694824219,71.0,,,28.0
2709.0,2026-09-21T19:14:56+00:00,5708.77001953125,1.8070000410079956,553.4034185423548,122.0,123.80000305175781,69.0,,,28.0
2715.0,2026-09-21T19:15:02+00:00,5719.52978515625,1.7929999828338623,557.7244894444926,122.0,123.80000305175781,70.0,,,28.0
2720.0,2026-09-21T19:15:07+00:00,5728.669921875,1.8279999494552612,547.0459669859384,119.0,123.5999984741211,71.0,,,28.0
2723.0,2026-09-21T19:15:10+00:00,5734.22021484375,1.850000023841858,540.5405335743294,116.0,123.5999984741211,71.0,,,28.0
2729.0,2026-09-21T19:15:16+00:00,5745.14990234375,1.8220000267028809,548.8474123733222,112.0,123.80000305175781,70.0,,,28.0
2731.0,2026-09-21T19:15:18+00:00,5748.72998046875,1.7899999618530273,558.65922978277,115.0,123.80000305175781,70.0,,,28.0
2732.0,2026-09-21T19:15:19+00:00,5750.5400390625,1.809999942779541,552.4862053113338,119.0,123.80000305175781,70.0,,,28.0
2733.0,2026-09-21T19:15:20+00:00,5752.35009765625,1.809999942779541,552.4862053113338,121.0,123.80000305175781,70.0,,,28.0
2739.0,2026-09-21T19:15:26+00:00,5763.2099609375,1.809999942779541,552.4862053113338,122.0,123.80000305175781,70.0,,,28.0
2745.0,2026-09-21T19:15:32+00:00,5774.02978515625,1.8029999732971191,554.6311784859957,123.0,123.80000305175781,70.0,,,28.0
2751.0,2026-09-21T19:15:38+00:00,5785.1201171875,1.8480000495910645,541.1255266044421,123.0,123.80000305175781,72.0,,,28.0
2757.0,2026-09-21T19:15:44+00:00,5796.39013671875,1.878000020980835,532.4813572034593,124.0,123.5999984741211,73.0,,,28.0
2760.0,2026-09-21T19:15:47+00:00,5801.97021484375,1.8600000143051147,537.6344044672463,123.0,123.5999984741211,72.0,,,28.0
2766.0,2026-09-21T19:15:53+00:00,5814.0,2.005000114440918,498.75308873927116,125.0,123.4000015258789,76.0,,,28.0
2772.0,2026-09-21T19:15:59+00:00,5828.81982421875,2.4700000286102295,404.8582949056321,128.0,123.5999984741211,79.0,,,28.0
2776.0,2026-09-21T19:16:03+00:00,5839.41015625,2.6480000019073486,377.6435042597063,131.0,123.80000305175781,80.0,,,28.0
2778.0,2026-09-21T19:16:05+00:00,5844.81005859375,2.700000047683716,370.37036382939436,134.0,123.80000305175781,80.0,,,28.0
2781.0,2026-09-21T19:16:08+00:00,5853.16015625,2.7829999923706055,359.32447098146895,137.0,124.19999694824219,81.0,,,28.0
2784.0,2026-09-21T19:16:11+00:00,5861.85009765625,2.8970000743865967,345.1846649371376,140.0,124.0,82.0,,,28.0
2787.0,2026-09-21T19:16:14+00:00,5870.330078125,2.8269999027252197,353.73188341322646,143.0,123.5999984741211,81.0,,,28.0
2791.0,2026-09-21T19:16:18+00:00,5881.1201171875,2.697999954223633,370.6449284532166,146.0,123.4000015258789,80.0,,,28.0
2797.0,2026-09-21T19:16:24+00:00,5897.0,2.6470000743865967,377.7861624094345,147.0,123.4000015258789,80.0,,,28.0
2803.0,2026-09-21T19:16:30+00:00,5913.43017578125,2.73799991607666,365.230106154613,149.0,123.4000015258789,81.0,,,28.0
2809.0,2026-09-21T19:16:36+00:00,5929.8701171875,2.740000009536743,364.9635023793565,151.0,123.5999984741211,79.0,,,28.0
2815.0,2026-09-21T19:16:42+00:00,5946.2099609375,2.7230000495910645,367.24200579804557,154.0,123.80000305175781,79.0,,,28.0
2821.0,2026-09-21T19:16:48+00:00,5962.08984375,2.6470000743865967,377.7861624094345,154.0,123.5999984741211,79.0,,,28.0
2827.0,2026-09-21T19:16:54+00:00,5978.27978515625,2.697999954223633,370.6449284532166,155.0,123.5999984741211,81.0,,,28.0
2833.0,2026-09-21T19:17:00+00:00,5994.75,2.744999885559082,364.298740142325,158.0,123.80000305175781,80.0,,,28.0
2839.0,2026-09-21T19:17:06+00:00,6011.2001953125,2.742000102996826,364.69728754096894,158.0,123.4000015258789,80.0,,,28.0
2845.0,2026-09-21T19:17:12+00:00,6027.7001953125,2.75,363.6363636363636,160.0,123.80000305175781,81.0,,,28.0
2851.0,2026-09-21T19:17:18+00:00,6045.2099609375,2.9179999828338623,342.70048179672506,161.0,124.0,83.0,,,28.0
2857.0,2026-09-21T19:17:24+00:00,6060.93017578125,2.619999885559082,381.6794059846342,162.0,123.80000305175781,80.0,,,28.0
2863.0,2026-09-21T19:17:30+00:00,6076.6298828125,2.617000102996826,382.11691274098996,161.0,123.80000305175781,80.0,,,28.0
2869.0,2026-09-21T19:17:36+00:00,6092.009765625,2.562999963760376,390.16777765881136,160.0,123.80000305175781,81.0,,,28.0
2875.0,2026-09-21T19:17:42+00:00,6108.3701171875,2.7269999980926514,366.70333725685043,161.0,124.0,82.0,,,28.0
2881.0,2026-09-21T19:17:48+00:00,6124.5498046875,2.697000026702881,370.7823470890038,162.0,123.80000305175781,80.0,,,28.0
2887.0,2026-09-21T19:17:54+00:00,6139.97021484375,2.569999933242798,389.1050684729828,163.0,124.0,80.0,,,28.0
2893.0,2026-09-21T19:18:00+00:00,6155.22998046875,2.5429999828338623,393.23633769184,162.0,124.0,80.0,,,28.0
2899.0,2026-09-21T19:18:06+00:00,6170.7001953125,2.578000068664551,387.8975847033307,164.0,124.0,80.0,,,28.0
2905.0,2026-09-21T19:18:12+00:00,6187.0400390625,2.7230000495910645,367.24200579804557,163.0,124.0,82.0,,,28.0
2911.0,2026-09-21T19:18:18+00:00,6203.83984375,2.799999952316284,357.14286322496383,163.0,123.80000305175781,82.0,,,28.0
2917.0,2026-09-21T19:18:24+00:00,6219.740234375,2.6500000953674316,377.35847698577027,164.0,123.80000305175781,80.0,,,28.0
2923.0,2026-09-21T19:18:30+00:00,6235.60986328125,2.6449999809265137,378.07183637472514,163.0,124.0,80.0,,,28.0
2929.0,2026-09-21T19:18:36+00:00,6251.60986328125,2.6670000553131104,374.9531230821809,163.0,124.0,81.0,,,28.0
2935.0,2026-09-21T19:18:42+00:00,6268.27978515625,2.7780001163482666,359.97118722749326,165.0,123.80000305175781,82.0,,,28.0
2940.0,2026-09-21T19:18:47+00:00,6279.8798828125,2.319999933242798,431.03449516149004,162.0,123.4000015258789,72.0,,,28.0
2945.0,2026-09-21T19:18:52+00:00,6290.83984375,2.191999912261963,456.2043978222985,159.0,123.5999984741211,74.0,,,28.0
2951.0,2026-09-21T19:18:58+00:00,6301.89990234375,1.843000054359436,542.5935813917085,157.0,123.5999984741211,73.0,,,28.0
2957.0,2026-09-21T19:19:04+00:00,6318.68994140625,2.7980000972747803,357.398129104423,160.0,123.19999694824219,65.0,,,28.0
2962.0,2026-09-21T19:19:09+00:00,6330.31982421875,2.3259999752044678,429.9226185125366,163.0,123.19999694824219,48.0,,,28.0
2968.0,2026-09-21T19:19:15+00:00,6342.740234375,2.069999933242798,483.09180301925466,166.0,123.19999694824219,37.0,,,28.0
2974.0,2026-09-21T19:19:21+00:00,6355.06005859375,2.052999973297119,487.0920667349057,166.0,123.19999694824219,41.0,,,28.0
2980.0,2026-09-21T19:19:27+00:00,6360.3701171875,0.8849999904632568,1129.9435150011086,166.0,123.80000305175781,11.0,,,28.0
2986.0,2026-09-21T19:19:33+00:00,6368.3701171875,1.3329999446868896,750.1875780159102,165.0,123.5999984741211,34.0,,,28.0
2992.0,2026-09-21T19:19:39+00:00,6378.830078125,1.7430000305175781,573.7234552446068,165.0,123.4000015258789,31.0,,,28.0
2998.0,2026-09-21T19:19:45+00:00,6385.93017578125,1.1829999685287476,845.3085601039046,167.0,123.80000305175781,38.0,,,28.0
3000.0,2026-09-21T19:19:47+00:00,6385.93017578125,,,165.0,123.80000305175781,38.0,,,28.0
3006.0,2026-09-21T19:19:53+00:00,6392.60986328125,0.8349999785423279,1197.604821194984,165.0,123.5999984741211,37.0,,,28.0
3011.0,2026-09-21T19:19:58+00:00,6398.22021484375,1.121999979019165,891.2656138141682,162.0,123.80000305175781,45.0,,,28.0
3017.0,2026-09-21T19:20:04+00:00,6405.18994140625,1.1619999408721924,860.5852417250591,159.0,124.0,45.0,,,28.0
3019.0,2026-09-21T19:20:06+00:00,6405.18994140625,,,156.0,124.0,0.0,,,28.0
3022.0,2026-09-21T19:20:09+00:00,6406.06982421875,0.17599999904632568,,152.0,124.19999694824219,20.0,,,28.0
3023.0,2026-09-21T19:20:10+00:00,6406.58984375,0.5199999809265137,1923.0769936149668,151.0,124.19999694824219,20.0,,,28.0
3028.0,2026-09-21T19:20:15+00:00,6407.27001953125,0.13600000739097595,,148.0,123.80000305175781,13.0,,,28.0
3033.0,2026-09-21T19:20:20+00:00,6407.27001953125,,,145.0,123.4000015258789,,,,28.0
3037.0,2026-09-21T19:20:24+00:00,6407.27001953125,,,143.0,123.0,,,,28.0
3039.0,2026-09-21T19:20:26+00:00,6407.27001953125,,,140.0,123.19999694824219,,,,28.0
3045.0,2026-09-21T19:20:32+00:00,6412.330078125,0.2980000078678131,,141.0,123.5999984741211,40.0,,,28.0
3051.0,2026-09-21T19:20:38+00:00,6419.68017578125,1.225000023841858,816.3265147242932,141.0,123.5999984741211,50.0,,,28.0
3056.0,2026-09-21T19:20:43+00:00,6428.490234375,1.7619999647140503,567.5369012633817,138.0,123.5999984741211,71.0,,,28.0
3057.0,2026-09-21T19:20:44+00:00,6430.330078125,1.840000033378601,543.478251010574,135.0,123.5999984741211,71.0,,,28.0
3062.0,2026-09-21T19:20:49+00:00,6440.830078125,2.0999999046325684,476.1904978157451,131.0,123.5999984741211,74.0,,,28.0
3068.0,2026-09-21T19:20:55+00:00,6446.10986328125,0.8799999952316284,1136.363642521141,132.0,123.80000305175781,41.0,,,28.0
3073.0,2026-09-21T19:21:00+00:00,6453.669921875,1.5119999647140503,661.375676810363,129.0,124.0,66.0,,,28.0
3077.0,2026-09-21T19:21:04+00:00,6460.77001953125,1.774999976158142,563.3802892574832,126.0,124.0,69.0,,,28.0
3078.0,2026-09-21T19:21:05+00:00,6462.56982421875,1.7999999523162842,555.5555702727522,125.0,124.0,69.0,,,28.0
3083.0,2026-09-21T19:21:10+00:00,6471.60009765625,1.805999994277954,553.7098577897858,122.0,124.0,70.0,,,28.0
3089.0,2026-09-21T19:21:16+00:00,6482.41015625,1.8020000457763672,554.9389426175978,123.0,124.19999694824219,70.0,,,27.0
3092.0,2026-09-21T19:21:19+00:00,6487.58984375,1.7269999980926514,579.0387962388123,120.0,124.19999694824219,65.0,,,27.0
3098.0,2026-09-21T19:21:25+00:00,6496.06982421875,1.4129999876022339,707.7140897197975,119.0,124.4000015258789,53.0,,,27.0
3104.0,2026-09-21T19:21:31+00:00,6504.39990234375,1.3880000114440918,720.4610891606463,120.0,124.4000015258789,54.0,,,27.0
3109.0,2026-09-21T19:21:36+00:00,6509.990234375,1.1180000305175781,894.4543584109296,117.0,124.4000015258789,0.0,,,27.0
3112.0,2026-09-21T19:21:39+00:00,6509.990234375,,,114.0,124.4000015258789,0.0,,,27.0
3116.0,2026-09-21T19:21:43+00:00,6509.990234375,,,118.0,124.0,,,,27.0
3122.0,2026-09-21T19:21:49+00:00,6509.990234375,,,118.0,123.80000305175781,,,,27.0
3128.0,2026-09-21T19:21:55+00:00,6509.990234375,,,116.0,123.0,,,,27.0
3134.0,2026-09-21T19:22:01+00:00,6509.990234375,,,115.0,123.19999694824219,,,,28.0
3140.0,2026-09-21T19:22:07+00:00,6509.990234375,,,116.0,123.0,,,,28.0
3146.0,2026-09-21T19:22:13+00:00,6509.990234375,,,116.0,122.5999984741211,,,,28.0
3150.0,2026-09-21T19:22:17+00:00,6509.990234375,,,117.0,122.5999984741211,,,,28.0
3156.0,2026-09-21T19:22:23+00:00,6509.990234375,,,116.0,122.5999984741211,,,,28.0
3162.0,2026-09-21T19:22:29+00:00,6509.990234375,,,115.0,122.19999694824219,,,,28.0
3168.0,2026-09-21T19:22:35+00:00,6509.990234375,,,116.0,122.19999694824219,,,,28.0
3174.0,2026-09-21T19:22:41+00:00,6509.990234375,,,115.0,122.4000015258789,,,,28.0
3180.0,2026-09-21T19:22:47+00:00,6509.990234375,,,113.0,122.19999694824219,,,,28.0
3185.0,2026-09-21T19:22:52+00:00,6509.990234375,,,111.0,122.0,,,,28.0
3191.0,2026-09-21T19:22:58+00:00,6509.990234375,,,112.0,121.80000305175781,,,,28.0
3197.0,2026-09-21T19:23:04+00:00,6509.990234375,,,110.0,121.80000305175781,,,,28.0
3203.0,2026-09-21T19:23:10+00:00,6509.990234375,,,109.0,122.0,,,,29.0
3205.0,2026-09-21T19:23:12+00:00,6509.990234375,,,112.0,122.0,,,,29.0
3211.0,2026-09-21T19:23:18+00:00,6509.990234375,,,115.0,122.0,,,,29.0
3217.0,2026-09-21T19:23:24+00:00,6510.33984375,0.003000000026077032,,117.0,121.5999984741211,14.0,,,29.0
3223.0,2026-09-21T19:23:30+00:00,6510.68994140625,0.057999998331069946,,117.0,121.5999984741211,0.0,,,29.0
3224.0,2026-09-21T19:23:31+00:00,6510.68994140625,,,117.0,121.5999984741211,,,,29.0
3230.0,2026-09-21T19:23:37+00:00,6510.68994140625,,,118.0,121.80000305175781,,,,29.0
3236.0,2026-09-21T19:23:43+00:00,6510.68994140625,,,116.0,121.80000305175781,,,,29.0
3242.0,2026-09-21T19:23:49+00:00,6512.5400390625,0.09700000286102295,,119.0,121.80000305175781,17.0,,,29.0
3248.0,2026-09-21T19:23:55+00:00,6516.169921875,0.6050000190734863,1652.8925098736815,121.0,121.80000305175781,0.0,,,29.0
3253.0,2026-09-21T19:24:00+00:00,6516.169921875,,,125.0,122.0,,,,29.0
3259.0,2026-09-21T19:24:06+00:00,6516.169921875,,,124.0,121.80000305175781,,,,30.0
3265.0,2026-09-21T19:24:12+00:00,6516.169921875,,,125.0,121.5999984741211,,,,30.0
3271.0,2026-09-21T19:24:18+00:00,6516.169921875,,,124.0,121.80000305175781,,,,30.0
3277.0,2026-09-21T19:24:24+00:00,6516.169921875,,,124.0,121.80000305175781,,,,30.0
3283.0,2026-09-21T19:24:30+00:00,6516.169921875,,,124.0,121.80000305175781,,,,30.0
3289.0,2026-09-21T19:24:36+00:00,6516.169921875,,,125.0,121.80000305175781,,,,30.0
3295.0,2026-09-21T19:24:42+00:00,6516.169921875,,,126.0,121.80000305175781,,,,30.0
3298.0,2026-09-21T19:24:45+00:00,6516.169921875,,,126.0,121.80000305175781,,,,30.0
3304.0,2026-09-21T19:24:51+00:00,6516.169921875,,,126.0,121.80000305175781,,,,30.0
3310.0,2026-09-21T19:24:57+00:00,6516.169921875,,,128.0,121.80000305175781,,,,30.0
3316.0,2026-09-21T19:25:03+00:00,6516.169921875,,,130.0,121.80000305175781,,,,30.0
3322.0,2026-09-21T19:25:09+00:00,6516.169921875,,,130.0,122.0,,,,30.0
3328.0,2026-09-21T19:25:15+00:00,6516.169921875,,,128.0,122.0,,,,30.0
3334.0,2026-09-21T19:25:21+00:00,6516.169921875,,,127.0,121.80000305175781,,,,30.0
3340.0,2026-09-21T19:25:27+00:00,6516.169921875,,,124.0,121.80000305175781,,,,30.0
3342.0,2026-09-21T19:25:29+00:00,6516.169921875,,,127.0,121.5999984741211,,,,30.0
3345.0,2026-09-21T19:25:32+00:00,6516.169921875,,,124.0,121.4000015258789,,,,30.0
3351.0,2026-09-21T19:25:38+00:00,6516.169921875,,,126.0,122.0,,,,30.0
3357.0,2026-09-21T19:25:44+00:00,6516.169921875,,,127.0,122.0,,,,30.0
3363.0,2026-09-21T19:25:50+00:00,6516.169921875,,,126.0,122.19999694824219,,,,30.0
3369.0,2026-09-21T19:25:56+00:00,6516.169921875,,,127.0,122.19999694824219,,,,30.0
3375.0,2026-09-21T19:26:02+00:00,6516.169921875,,,126.0,122.19999694824219,,,,30.0
3381.0,2026-09-21T19:26:08+00:00,6516.169921875,,,127.0,122.4000015258789,,,,30.0
3387.0,2026-09-21T19:26:14+00:00,6516.169921875,,,127.0,122.5999984741211,,,,30.0
3393.0,2026-09-21T19:26:20+00:00,6516.169921875,,,128.0,122.4000015258789,,,,30.0
3399.0,2026-09-21T19:26:26+00:00,6516.169921875,,,128.0,122.5999984741211,,,,30.0
3405.0,2026-09-21T19:26:32+00:00,6516.169921875,,,129.0,122.5999984741211,,,,30.0
3411.0,2026-09-21T19:26:38+00:00,6516.169921875,,,128.0,122.80000305175781,,,,30.0
3417.0,2026-09-21T19:26:44+00:00,6516.169921875,,,128.0,122.5999984741211,,,,30.0
3423.0,2026-09-21T19:26:50+00:00,6516.169921875,,,127.0,122.5999984741211,,,,30.0
3429.0,2026-09-21T19:26:56+00:00,6516.169921875,,,128.0,122.4000015258789,,,,30.0
3435.0,2026-09-21T19:27:02+00:00,6516.169921875,,,128.0,122.19999694824219,,,,30.0
3441.0,2026-09-21T19:27:08+00:00,6516.169921875,,,128.0,122.19999694824219,,,,31.0
3447.0,2026-09-21T19:27:14+00:00,6516.169921875,,,130.0,122.0,,,,31.0
3453.0,2026-09-21T19:27:20+00:00,6516.169921875,,,130.0,122.0,,,,31.0
3459.0,2026-09-21T19:27:26+00:00,6516.169921875,,,129.0,122.0,,,,31.0
3465.0,2026-09-21T19:27:32+00:00,6516.169921875,,,128.0,122.19999694824219,,,,31.0
3471.0,2026-09-21T19:27:38+00:00,6516.169921875,,,129.0,122.0,,,,31.0
3477.0,2026-09-21T19:27:44+00:00,6516.169921875,,,128.0,122.19999694824219,,,,31.0
3483.0,2026-09-21T19:27:50+00:00,6516.169921875,,,126.0,122.0,,,,31.0
3489.0,2026-09-21T19:27:56+00:00,6516.169921875,,,126.0,122.19999694824219,,,,31.0
3492.0,2026-09-21T19:27:59+00:00,6516.169921875,,,129.0,122.19999694824219,,,,31.0
3497.0,2026-09-21T19:28:04+00:00,6516.169921875,,,126.0,122.0,,,,31.0
3503.0,2026-09-21T19:28:10+00:00,6516.169921875,,,125.0,122.19999694824219,,,,31.0
3509.0,2026-09-21T19:28:16+00:00,6516.169921875,,,126.0,122.19999694824219,,,,31.0
3515.0,2026-09-21T19:28:22+00:00,6516.169921875,,,127.0,122.19999694824219,,,,31.0
3521.0,2026-09-21T19:28:28+00:00,6516.169921875,,,126.0,122.5999984741211,,,,31.0
3527.0,2026-09-21T19:28:34+00:00,6516.169921875,,,126.0,122.80000305175781,,,,31.0
3533.0,2026-09-21T19:28:40+00:00,6516.169921875,,,127.0,122.5999984741211,,,,31.0
3539.0,2026-09-21T19:28:46+00:00,6516.169921875,,,126.0,122.5999984741211,,,,31.0
3542.0,2026-09-21T19:28:49+00:00,6516.169921875,,,126.0,123.0,,,,31.0
3548.0,2026-09-21T19:28:55+00:00,6516.169921875,,,126.0,123.19999694824219,,,,31.0
3554.0,2026-09-21T19:29:01+00:00,6516.169921875,,,125.0,122.80000305175781,,,,31.0
3560.0,2026-09-21T19:29:07+00:00,6516.169921875,,,126.0,123.0,,,,31.0
3566.0,2026-09-21T19:29:13+00:00,6516.169921875,,,126.0,123.19999694824219,,,,31.0
3572.0,2026-09-21T19:29:19+00:00,6516.169921875,,,125.0,123.19999694824219,,,,31.0
3578.0,2026-09-21T19:29:25+00:00,6516.169921875,,,126.0,123.0,,,,31.0
3582.0,2026-09-21T19:29:29+00:00,6516.169921875,,,129.0,123.0,,,,31.0
3588.0,2026-09-21T19:29:35+00:00,6516.169921875,,,127.0,123.0,,,,31.0
3594.0,2026-09-21T19:29:41+00:00,6516.169921875,,,125.0,123.0,,,,31.0
3600.0,2026-09-21T19:29:47+00:00,6516.169921875,,,124.0,123.0,,,,31.0
3606.0,2026-09-21T19:29:53+00:00,6516.169921875,,,126.0,122.80000305175781,,,,31.0
3612.0,2026-09-21T19:29:59+00:00,6516.169921875,,,128.0,123.0,,,,31.0
3618.0,2026-09-21T19:30:05+00:00,6516.169921875,,,129.0,123.0,,,,31.0
3624.0,2026-09-21T19:30:11+00:00,6516.169921875,,,128.0,123.0,,,,31.0
3630.0,2026-09-21T19:30:17+00:00,6516.169921875,,,127.0,123.0,,,,31.0
3636.0,2026-09-21T19:30:23+00:00,6516.169921875,,,124.0,123.0,,,,31.0
3642.0,2026-09-21T19:30:29+00:00,6516.169921875,,,123.0,122.5999984741211,,,,31.0
3645.0,2026-09-21T19:30:32+00:00,6516.169921875,,,123.0,122.5999984741211,,,,31.0
3651.0,2026-09-21T19:30:38+00:00,6516.169921875,,,124.0,122.80000305175781,,,,31.0
3657.0,2026-09-21T19:30:44+00:00,6516.169921875,,,125.0,122.4000015258789,,,,31.0
3663.0,2026-09-21T19:30:50+00:00,6516.169921875,,,127.0,122.5999984741211,,,,31.0
3669.0,2026-09-21T19:30:56+00:00,6516.169921875,,,128.0,122.5999984741211,,,,31.0
3675.0,2026-09-21T19:31:02+00:00,6516.169921875,,,128.0,122.4000015258789,,,,31.0
3681.0,2026-09-21T19:31:08+00:00,6516.169921875,,,128.0,122.4000015258789,,,,31.0
3687.0,2026-09-21T19:31:14+00:00,6516.169921875,,,130.0,122.5999984741211,,,,31.0
3693.0,2026-09-21T19:31:20+00:00,6516.169921875,,,131.0,122.4000015258789,,,,31.0
3699.0,2026-09-21T19:31:26+00:00,6516.169921875,,,131.0,122.5999984741211,,,,31.0
3705.0,2026-09-21T19:31:32+00:00,6516.169921875,,,130.0,122.5999984741211,,,,31.0
3711.0,2026-09-21T19:31:38+00:00,6516.169921875,,,131.0,122.5999984741211,,,,32.0
3717.0,2026-09-21T19:31:44+00:00,6516.169921875,,,131.0,122.5999984741211,,,,32.0
3723.0,2026-09-21T19:31:50+00:00,6516.169921875,,,132.0,122.5999984741211,,,,32.0
3729.0,2026-09-21T19:31:56+00:00,6516.169921875,,,132.0,122.4000015258789,,,,32.0
3735.0,2026-09-21T19:32:02+00:00,6516.169921875,,,131.0,122.80000305175781,,,,32.0
3741.0,2026-09-21T19:32:08+00:00,6516.169921875,,,132.0,123.0,,,,32.0
3747.0,2026-09-21T19:32:14+00:00,6516.169921875,,,131.0,123.0,,,,32.0
3753.0,2026-09-21T19:32:20+00:00,6516.169921875,,,131.0,123.0,,,,32.0
3759.0,2026-09-21T19:32:26+00:00,6516.169921875,,,129.0,123.0,,,,32.0
3765.0,2026-09-21T19:32:32+00:00,6516.169921875,,,130.0,123.19999694824219,,,,32.0
3771.0,2026-09-21T19:32:38+00:00,6516.169921875,,,129.0,123.19999694824219,,,,32.0
3777.0,2026-09-21T19:32:44+00:00,6516.169921875,,,129.0,123.4000015258789,,,,32.0
3783.0,2026-09-21T19:32:50+00:00,6516.169921875,,,129.0,123.19999694824219,,,,32.0
3789.0,2026-09-21T19:32:56+00:00,6520.39013671875,0.00800000037997961,,130.0,123.5999984741211,24.0,,,32.0
3795.0,2026-09-21T19:33:02+00:00,6520.39013671875,,,131.0,123.5999984741211,24.0,,,32.0
3801.0,2026-09-21T19:33:08+00:00,6525.31982421875,0.41100001335144043,2433.089945291349,132.0,123.5999984741211,0.0,,,32.0
3807.0,2026-09-21T19:33:14+00:00,6525.31982421875,,,131.0,123.80000305175781,,,,32.0
3813.0,2026-09-21T19:33:20+00:00,6525.31982421875,,,132.0,124.0,,,,32.0
3819.0,2026-09-21T19:33:26+00:00,6525.31982421875,,,131.0,123.80000305175781,,,,32.0
3825.0,2026-09-21T19:33:32+00:00,6525.31982421875,,,130.0,124.0,,,,32.0
3831.0,2026-09-21T19:33:38+00:00,6525.31982421875,,,130.0,124.0,,,,32.0
3832.0,2026-09-21T19:33:39+00:00,6525.31982421875,,,130.0,124.0,,,,32.0
3838.0,2026-09-21T19:33:45+00:00,6525.31982421875,,,129.0,124.19999694824219,,,,32.0
3844.0,2026-09-21T19:33:51+00:00,6525.31982421875,,,129.0,124.19999694824219,,,,32.0
3850.0,2026-09-21T19:33:57+00:00,6525.31982421875,,,130.0,124.19999694824219,,,,32.0
3854.0,2026-09-21T19:34:01+00:00,6525.31982421875,,,127.0,124.19999694824219,,,,32.0
3857.0,2026-09-21T19:34:04+00:00,6525.31982421875,,,124.0,124.19999694824219,,,,32.0
3863.0,2026-09-21T19:34:10+00:00,6525.31982421875,,,124.0,124.4000015258789,,,,32.0
3869.0,2026-09-21T19:34:16+00:00,6525.31982421875,,,127.0,124.5999984741211,,,,32.0
3873.0,2026-09-21T19:34:20+00:00,6525.31982421875,,,130.0,124.80000305175781,,,,32.0
3879.0,2026-09-21T19:34:26+00:00,6525.31982421875,,,131.0,124.80000305175781,,,,32.0
3885.0,2026-09-21T19:34:32+00:00,6525.31982421875,,,133.0,125.0,,,,32.0
3886.0,2026-09-21T19:34:33+00:00,6525.31982421875,,,133.0,125.19999694824219,,,,32.0
3892.0,2026-09-21T19:34:39+00:00,6525.31982421875,,,132.0,125.0,,,,32.0
3898.0,2026-09-21T19:34:45+00:00,6525.31982421875,,,132.0,125.19999694824219,,,,32.0
3904.0,2026-09-21T19:34:51+00:00,6525.31982421875,,,132.0,125.4000015258789,,,,32.0
3909.0,2026-09-21T19:34:56+00:00,6525.31982421875,,,135.0,125.5999984741211,,,,31.0
3915.0,2026-09-21T19:35:02+00:00,6525.31982421875,,,134.0,125.4000015258789,,,,31.0
3921.0,2026-09-21T19:35:08+00:00,6525.31982421875,,,132.0,125.5999984741211,,,,31.0
3927.0,2026-09-21T19:35:14+00:00,6525.31982421875,,,132.0,125.4000015258789,,,,31.0
3933.0,2026-09-21T19:35:20+00:00,6525.31982421875,,,133.0,125.80000305175781,,,,31.0
3939.0,2026-09-21T19:35:26+00:00,6525.31982421875,,,132.0,125.80000305175781,,,,31.0
3945.0,2026-09-21T19:35:32+00:00,6525.31982421875,,,132.0,125.80000305175781,,,,31.0
3951.0,2026-09-21T19:35:38+00:00,6525.31982421875,,,131.0,126.0,,,,31.0
3957.0,2026-09-21T19:35:44+00:00,6525.31982421875,,,131.0,125.80000305175781,,,,31.0
3963.0,2026-09-21T19:35:50+00:00,6525.31982421875,,,132.0,126.0,,,,31.0
3969.0,2026-09-21T19:35:56+00:00,6525.31982421875,,,132.0,125.80000305175781,,,,31.0
3975.0,2026-09-21T19:36:02+00:00,6525.31982421875,,,132.0,125.80000305175781,,,,31.0
3981.0,2026-09-21T19:36:08+00:00,6525.31982421875,,,131.0,126.0,,,,31.0
3984.0,2026-09-21T19:36:11+00:00,6525.31982421875,,,131.0,126.19999694824219,,,,31.0
3990.0,2026-09-21T19:36:17+00:00,6525.31982421875,,,131.0,126.19999694824219,,,,31.0
3996.0,2026-09-21T19:36:23+00:00,6525.31982421875,,,132.0,126.19999694824219,,,,31.0
4002.0,2026-09-21T19:36:29+00:00,6525.31982421875,,,134.0,126.19999694824219,,,,31.0
4008.0,2026-09-21T19:36:35+00:00,6525.31982421875,,,132.0,126.0,,,,31.0
4014.0,2026-09-21T19:36:41+00:00,6525.31982421875,,,132.0,126.19999694824219,,,,31.0
4020.0,2026-09-21T19:36:47+00:00,6525.31982421875,,,131.0,126.19999694824219,,,,31.0
4026.0,2026-09-21T19:36:53+00:00,6525.31982421875,,,132.0,126.19999694824219,,,,31.0
4032.0,2026-09-21T19:36:59+00:00,6525.31982421875,,,132.0,126.19999694824219,,,,31.0
4038.0,2026-09-21T19:37:05+00:00,6525.31982421875,,,131.0,126.19999694824219,,,,31.0
4044.0,2026-09-21T19:37:11+00:00,6525.31982421875,,,132.0,126.19999694824219,,,,31.0
4050.0,2026-09-21T19:37:17+00:00,6525.31982421875,,,133.0,126.19999694824219,,,,31.0
4056.0,2026-09-21T19:37:23+00:00,6525.31982421875,,,133.0,126.19999694824219,,,,31.0
4062.0,2026-09-21T19:37:29+00:00,6525.31982421875,,,132.0,126.0,,,,31.0
4068.0,2026-09-21T19:37:35+00:00,6525.31982421875,,,131.0,126.19999694824219,,,,31.0
4074.0,2026-09-21T19:37:41+00:00,6525.31982421875,,,131.0,126.19999694824219,,,,31.0
4080.0,2026-09-21T19:37:47+00:00,6525.31982421875,,,131.0,126.19999694824219,,,,31.0
4086.0,2026-09-21T19:37:53+00:00,6525.31982421875,,,129.0,126.0,,,,31.0
4092.0,2026-09-21T19:37:59+00:00,6525.31982421875,,,129.0,126.0,,,,31.0
4098.0,2026-09-21T19:38:05+00:00,6525.31982421875,,,130.0,126.0,,,,31.0
4104.0,2026-09-21T19:38:11+00:00,6525.31982421875,,,131.0,126.0,,,,31.0
4110.0,2026-09-21T19:38:17+00:00,6525.31982421875,,,132.0,126.19999694824219,,,,31.0
4116.0,2026-09-21T19:38:23+00:00,6525.31982421875,,,133.0,126.0,,,,31.0
4122.0,2026-09-21T19:38:29+00:00,6525.31982421875,,,131.0,126.0,,,,31.0
4128.0,2026-09-21T19:38:35+00:00,6525.31982421875,,,131.0,126.19999694824219,,,,31.0
4134.0,2026-09-21T19:38:41+00:00,6525.31982421875,,,131.0,126.0,,,,31.0
4140.0,2026-09-21T19:38:47+00:00,6525.31982421875,,,131.0,126.0,,,,31.0
4146.0,2026-09-21T19:38:53+00:00,6525.31982421875,,,131.0,126.4000015258789,,,,31.0
4152.0,2026-09-21T19:38:59+00:00,6525.31982421875,,,132.0,126.19999694824219,,,,31.0
4158.0,2026-09-21T19:39:05+00:00,6525.31982421875,,,133.0,126.4000015258789,,,,31.0
4164.0,2026-09-21T19:39:11+00:00,6525.31982421875,,,136.0,126.19999694824219,,,,31.0
4170.0,2026-09-21T19:39:17+00:00,6525.31982421875,,,135.0,126.19999694824219,,,,31.0
4176.0,2026-09-21T19:39:23+00:00,6525.31982421875,,,135.0,126.19999694824219,,,,31.0
4182.0,2026-09-21T19:39:29+00:00,6525.31982421875,,,133.0,126.19999694824219,,,,31.0
4188.0,2026-09-21T19:39:35+00:00,6525.31982421875,,,134.0,126.4000015258789,,,,31.0
4194.0,2026-09-21T19:39:41+00:00,6525.31982421875,,,134.0,126.4000015258789,,,,31.0
4200.0,2026-09-21T19:39:47+00:00,6525.31982421875,,,134.0,126.4000015258789,,,,31.0
4206.0,2026-09-21T19:39:53+00:00,6525.31982421875,,,134.0,126.19999694824219,,,,31.0
4212.0,2026-09-21T19:39:59+00:00,6527.22998046875,0.004999999888241291,,134.0,126.4000015258789,27.0,,,31.0
4218.0,2026-09-21T19:40:05+00:00,6531.9501953125,0.7870000004768372,1270.648029725677,135.0,126.19999694824219,29.0,,,31.0
4224.0,2026-09-21T19:40:11+00:00,6531.9501953125,,,136.0,126.19999694824219,,,,31.0
4230.0,2026-09-21T19:40:17+00:00,6531.9501953125,,,136.0,126.19999694824219,,,,31.0
4236.0,2026-09-21T19:40:23+00:00,6531.9501953125,,,137.0,126.4000015258789,,,,31.0
4242.0,2026-09-21T19:40:29+00:00,6531.9501953125,,,137.0,126.0,,,,31.0
4248.0,2026-09-21T19:40:35+00:00,6536.169921875,0.14100000262260437,,136.0,126.0,15.0,,,31.0
4254.0,2026-09-21T19:40:41+00:00,6541.72998046875,0.9269999861717224,1078.7486676561339,136.0,126.0,18.0,,,31.0
4260.0,2026-09-21T19:40:47+00:00,6545.919921875,0.6980000138282776,1432.664728064061,135.0,126.0,35.0,,,31.0
4266.0,2026-09-21T19:40:53+00:00,6546.830078125,0.15199999511241913,,135.0,126.0,35.0,,,31.0
4272.0,2026-09-21T19:40:59+00:00,6549.0400390625,0.36800000071525574,2717.3912990662234,137.0,126.0,15.0,,,31.0
4278.0,2026-09-21T19:41:05+00:00,6549.0400390625,,,138.0,126.0,15.0,,,32.0
4284.0,2026-09-21T19:41:11+00:00,6549.0400390625,,,137.0,126.0,,,,32.0
4290.0,2026-09-21T19:41:17+00:00,6553.64990234375,0.25600001215934753,,138.0,126.0,15.0,,,31.0
4296.0,2026-09-21T19:41:23+00:00,6553.64990234375,,,139.0,126.19999694824219,0.0,,,31.0
4302.0,2026-09-21T19:41:29+00:00,6553.64990234375,,,140.0,126.19999694824219,,,,31.0
4308.0,2026-09-21T19:41:35+00:00,6554.41015625,0.041999999433755875,,140.0,126.19999694824219,0.0,,,31.0
4314.0,2026-09-21T19:41:41+00:00,6556.60986328125,0.367000013589859,2724.795539428918,140.0,126.19999694824219,0.0,,,31.0
4320.0,2026-09-21T19:41:47+00:00,6556.60986328125,,,139.0,125.80000305175781,,,,31.0
4326.0,2026-09-21T19:41:53+00:00,6556.60986328125,,,138.0,126.0,,,,31.0
4332.0,2026-09-21T19:41:59+00:00,6560.0,0.18799999356269836,,137.0,126.0,17.0,,,31.0
4338.0,2026-09-21T19:42:05+00:00,6561.72998046875,0.2879999876022339,,137.0,126.0,15.0,,,31.0
4344.0,2026-09-21T19:42:11+00:00,6561.72998046875,,,138.0,126.19999694824219,,,,31.0
4350.0,2026-09-21T19:42:17+00:00,6561.72998046875,,,137.0,125.80000305175781,,,,31.0
4356.0,2026-09-21T19:42:23+00:00,6561.72998046875,,,138.0,125.80000305175781,,,,31.0
4362.0,2026-09-21T19:42:29+00:00,6561.72998046875,,,138.0,125.80000305175781,,,,32.0
4368.0,2026-09-21T19:42:35+00:00,6561.72998046875,,,139.0,125.80000305175781,,,,32.0
4374.0,2026-09-21T19:42:41+00:00,6561.72998046875,,,137.0,125.80000305175781,,,,32.0
4380.0,2026-09-21T19:42:47+00:00,6561.72998046875,,,137.0,125.5999984741211,,,,32.0
4386.0,2026-09-21T19:42:53+00:00,6561.72998046875,,,136.0,125.5999984741211,,,,32.0
4392.0,2026-09-21T19:42:59+00:00,6561.72998046875,,,136.0,125.5999984741211,,,,32.0
4398.0,2026-09-21T19:43:05+00:00,6561.72998046875,,,135.0,125.80000305175781,,,,32.0
4403.0,2026-09-21T19:43:10+00:00,6561.72998046875,,,131.0,125.5999984741211,,,,32.0
4408.0,2026-09-21T19:43:15+00:00,6566.64990234375,0.07000000029802322,,128.0,125.80000305175781,0.0,,,32.0
4412.0,2026-09-21T19:43:19+00:00,6570.22021484375,0.8930000066757202,1119.8208202960689,125.0,126.0,47.0,,,32.0
4418.0,2026-09-21T19:43:25+00:00,6575.14990234375,0.8220000267028809,1216.5449726456745,124.0,126.19999694824219,30.0,,,32.0
4424.0,2026-09-21T19:43:31+00:00,6580.56005859375,0.9020000100135803,1108.6474378031817,122.0,126.80000305175781,44.0,,,31.0
4427.0,2026-09-21T19:43:34+00:00,6580.56005859375,,,119.0,127.0,44.0,,,31.0
4433.0,2026-09-21T19:43:40+00:00,6581.43017578125,0.09700000286102295,,118.0,127.0,11.0,,,31.0
4436.0,2026-09-21T19:43:43+00:00,6583.5498046875,0.7070000171661377,1414.4271226587684,115.0,127.0,32.0,,,31.0
4440.0,2026-09-21T19:43:47+00:00,6586.72021484375,0.7929999828338623,1261.0340752170046,116.0,126.80000305175781,45.0,,,31.0
